ID,Label,pI,hydrophobicity_Cid,hydrophobicity_Jones,hydrophobicity_Ponnuswamy,hydrophobicity_Welling,hydrophobicity_Zimmerman,charge,mw,Aliphatic,Acidic,X.Tiny,X.Small,X.Aliphatic,X.Polar,X.Acidic,Electronic_Properties,Electrophilicity,Hardness,H_bonding,Hydrophobicity_index,Bulky_properties.,Compositional_characteristic_index,Local_flexibility,Electronic_properties,Penetration.Depth,Propensity.to.in.vitro.Aggregation,Angle.Subtended.by.the.Hydrophobic.Residues,Amphiphilicity.Index,Propensity.to.PPII.coil,ChargeDensity,InstabilityInd,Aromaticity,HydrophRatio,AASI,ABHPRK,argos,bulkiness,cougar,Ez,flexibility,levitt_alpha,MSS,pepcats,PPCALI,refractivity,t_scale,z3,hydrophobicity_Janin,hydrophobicity_Wolfenden,Aromatic,Basic,X.Aromatic,X.Charged,Linear.Moment,hmoment,hydrophobicity_Wilson
ExtVal_93,1,4.43,-0.149012346,0.407037037,-0.078641975,1.42345679,1.084691358,-5.182432731,8966.79854,19,12,41.975,56.79,23.457,50.617,14.815,0.183209877,-0.535925926,0.102592593,0.022222222,-0.210444444,-0.314135802,0.196061728,-0.025037037,-0.063333333,30,29.65,30,0.68,1.02,-0.000652857,60.50123457,0.098765432,0.37037037,2.21790123,1.09876543,-0.02382716,0.57590123,2.69360494,19.40148148,0.57866667,1.05148148,18.98730988,1.95061728,-0.34821468,0.37938652,-4.06555556,0.43135802,1.033950617,-4.88382716,10,9,12.346,25.926,0.14,0.573177067,1.42345679
ExtVal_97,1,3.88,-0.11076087,0.438152174,-0.445652174,2.052173913,1.181086957,-7.856010687,9280.43694,20,13,48.913,69.565,21.739,33.696,14.13,0.645,-0.568913043,-0.011413043,0.039021739,-0.130369565,-0.621456522,0.185184783,0.112880435,-0.284054348,30,3.13,20,0.38,1.05,-0.000987454,51.23804348,0.043478261,0.402173913,2.06869565,0.84782609,-0.03347826,0.53259783,2.75969565,20.04152174,0.62676087,0.97782609,17.15420217,1.61956522,-0.78465638,0.36200534,-10.98923913,0.27130435,1.169891304,-2.876521739,4,6,4.348,20.652,0.17,0.479895912,2.052173913
ExtVal_98,1,8.34,0.103684211,0.641052632,-0.447894737,2.571052632,1.244210526,4.772054323,4291.94464,2,0,44.737,57.895,5.263,34.211,0,0.598421053,0.394736842,-0.508684211,0.245789474,0.015368421,-0.388736842,-0.371894737,-0.183131579,0.150210526,25,0,90,1.08,1.08,0.000903321,46.66315789,0.131578947,0.289473684,2.03710526,0.94736842,-0.21789474,0.53621053,2.51592105,19.42842105,0.58434211,0.90236842,18.11291053,2.18421053,-3.01213446,0.4797171,-8.55,1.01368421,1.292368421,-4.537368421,8,8,21.053,21.053,0.21,0.59864972,2.571052632
ExtVal_99,1,7.83,0.23,0.871,-0.636333333,2.7,1.337,1.626467333,3175.78014,8,1,46.667,66.667,26.667,30,3.333,0.557333333,-0.208666667,-0.216333333,0.170333333,0.0131,-0.432866667,-0.0151,-0.113766667,0.0536,15,3.34,80,0.77,1.09,0.000334721,26.55666667,0.066666667,0.466666667,1.99,0.83333333,-0.02933333,0.5996,2.72796667,19.618,0.57496667,0.96066667,18.81246,1.86666667,-1.08010198,0.43308253,-8.775,-0.11033333,1.456333333,-2.645666667,2,3,6.667,13.333,0.36,0.258142916,2.7
ExtVal_100,1,10.52,-0.005555556,0.570222222,-0.215555556,1.531111111,1.274666667,10.62619204,5161.19654,9,2,35.556,44.444,20,48.889,4.444,-0.589333333,-0.033333333,-0.234222222,0.310666667,-0.278288889,-0.212466667,0.1022,-0.186933333,0.527577778,30,4,30,1.21,0.99,0.00194917,53.13111111,0.044444444,0.333333333,2.13622222,1.11111111,-0.16466667,0.60206667,2.4466,18.75466667,0.66193333,1.00088889,18.36363556,2.06666667,-1.42588924,0.45167072,-5.06066667,-0.20688889,1.24,-5.639555556,2,13,4.444,33.333,0.26,0.631123384,1.531111111
ExtVal_144,2,7.16,0.182333333,0.747,-0.008333333,2.593333333,1.393333333,0.149163626,3403.92404,8,2,30,46.667,26.667,40,6.667,-0.095666667,-0.100333333,-0.037333333,0.028,-0.083966667,-0.1161,0.2515,-0.001833333,0.044133333,15,0.65,60,0.64,0.98,-0.000057,9.847,0.133333333,0.433333333,2.18666667,1.16666667,0.134,0.65376667,2.86236667,19.83066667,0.4847,1.031,19.08899667,1.9,-0.36228656,0.41457011,-4.40366667,-0.828,1.309666667,-3.373333333,7,5,23.333,23.333,0.23,0.428988636,2.593333333
ExtVal_151,2,5.29,0.130333333,0.685333333,-0.147666667,2.663333333,1.408333333,-1.033058485,3379.85264,8,3,33.333,50,26.667,36.667,10,0.037,-0.417333333,-0.023333333,-0.021666667,-0.046966667,-0.110133333,0.335533333,-0.028633333,-0.070833333,15,206.99,80,0.72,0.98,-0.000378717,7.333666667,0.166666667,0.433333333,2.142,1.13333333,0.16166667,0.63963333,2.84316667,20.17833333,0.52083333,1.021,18.79406667,1.83333333,-0.38360519,0.40699114,-4.55366667,-0.745,1.329333333,-3.259,6,3,20,20,0.24,0.344778937,2.663333333
ExtVal_166,2,3.06,-0.082857143,0.655238095,-0.744285714,2.680952381,1.074761905,-2.248065147,2285.51784,3,2,47.619,57.143,14.286,42.857,9.524,0.590952381,-0.916190476,-0.36952381,-0.000952381,0.021761905,-0.445571429,-0.039142857,-0.355142857,-0.155809524,19,3.37,60,0.72,0.98,-0.001150285,38.79047619,0.095238095,0.333333333,2.28095238,0.85714286,-0.06666667,0.54561905,2.9747619,20.11285714,0.61904762,0.99095238,18.60755238,1.95238095,-2.24783863,0.42492134,-4.52809524,0.45285714,0.997142857,-3.658095238,2,0,9.524,9.524,0.24,0.361786063,2.680952381
ExtVal_169,2,5.24,0.208571429,0.973809524,-0.504285714,3.071428571,1.356190476,-1.157159368,2488.85134,5,2,28.571,42.857,23.81,42.857,9.524,0.246190476,-0.502380952,-0.338571429,-0.042857143,0.004142857,-0.144095238,-0.198952381,-0.278857143,0.136809524,16,3.34,60,0.91,1.02,-0.000637644,22.54285714,0.095238095,0.428571429,2.26142857,1.04761905,-0.03333333,0.64704762,2.83595238,19.73857143,0.55357143,1.05285714,20.6661,2.19047619,-2.0776464,0.49668021,2.16571429,0.4952381,1.301904762,-4.652857143,3,2,14.286,19.048,0.27,0.514597698,3.071428571
ExtVal_180,2,4.11,-0.241282051,0.068974359,-0.195128205,1.623076923,1.249487179,-3.367756623,4383.85974,4,8,28.205,58.974,10.256,46.154,20.513,0.601282051,-0.443589744,0.115641026,-0.075641026,-0.364410256,-0.432769231,-0.160384615,0.361589744,-0.243282051,30,0,70,0.73,1.15,-0.000897613,52.56923077,0.051282051,0.282051282,2.06153846,1.1025641,-0.26461538,0.57633333,2.40828205,19.92871795,0.66982051,1.00692308,18.96287179,1.92307692,-1.28771259,0.42368283,-3.47153846,1.89846154,1.253589744,-5.385897436,2,5,5.128,33.333,0.12,0.475201632,1.623076923
ExtVal_183,2,7.66,0.245238095,1.043333333,-1.09952381,3.638095238,1.214761905,1.502179949,2263.73724,1,0,57.143,76.19,4.762,23.81,0,1.438095238,0.101904762,-0.906190476,0.196666667,0.191952381,-0.705190476,-0.661333333,-0.34452381,0.209095238,17,0,170,0.23,1.11,0.000334841,38.24761905,0.095238095,0.571428571,1.93428571,0.66666667,0.08095238,0.53457143,2.47728571,20.42857143,0.48204762,0.95904762,19.13645714,2.0952381,-2.3490656,0.53197183,-8.13190476,1.15142857,1.26,-3.239047619,2,2,9.524,9.524,0.27,0.419887219,3.638095238
ExtVal_184,2,7.91,0.3905,1.1815,-0.8635,2.95,1.407,2.592502284,2199.77754,2,0,60,60,10,30,0,1.032,0.331,-1.1115,0.289,0.39735,-0.603,-0.68995,-0.4616,0.4009,22,2.76,80,0.56,1.07,0.000817802,47.77,0.05,0.6,2.047,0.75,0.1075,0.57475,2.58425,20.185,0.44775,1.038,20.153875,2.35,-2.32563643,0.56869269,-4.9755,0.6215,1.417,-3.1125,2,4,10,20,0.42,0.146888015,2.95
ExtVal_185,2,7.67,0.3008,0.9288,-0.6356,2.552,1.4348,1.683857859,2797.40564,2,1,52,60,8,36,4,0.9844,0.3136,-0.8164,0.1948,0.28748,-0.50024,-0.60776,-0.22056,0.23516,19,84.87,40,0.51,1.11,0.000300634,37.76,0.08,0.52,2.04,0.92,0.0416,0.59416,2.56692,20.4884,0.45652,1.0172,20.54142,2.32,-1.79778542,0.5350388,-4.2964,0.8388,1.4232,-3.5644,4,5,16,24,0.42,0.147459989,2.552
ExtVal_186,2,7.3,-0.037538462,0.312153846,-0.166615385,1.992307692,1.270923077,0.595401489,7316.26054,8,7,38.462,55.385,12.308,43.077,10.769,0.425692308,-0.271230769,-0.160923077,0.087846154,-0.192938462,-0.256569231,0.029046154,-0.073307692,-0.153692308,30,272.31,40,1.27,1.04,-0.0000291,53.88153846,0.153846154,0.276923077,2.12615385,1.12307692,-0.19061538,0.58492308,2.65470769,19.56046154,0.58455385,0.98846154,18.82582,2.09230769,-0.9293708,0.43086328,-4.43276923,0.71369231,1.321692308,-4.130923077,11,9,16.923,24.615,0.24,0.34868933,1.992307692
ExtVal_188,2,6,-0.042291667,0.445416667,-0.141458333,1.289583333,1.221666667,-0.37126395,5142.85674,12,7,45.833,64.583,25,43.75,14.583,0.247083333,-0.409375,-0.039583333,0.113125,-0.166166667,-0.397791667,0.1648125,-0.100083333,-0.078354167,30,336.69,50,0.89,1.02,-0.000182584,27.12708333,0.0625,0.375,2.14791667,1.02083333,-0.12604167,0.58022917,2.67658333,19.52104167,0.598875,1.01041667,18.65910833,1.91666667,-0.54540283,0.39178227,-6.00666667,0.34333333,1.252083333,-4.026041667,3,7,6.25,29.167,0.29,0.488047096,1.289583333
ExtVal_189,2,8.35,0.059761905,0.540714286,-0.406904762,1.864285714,1.181428571,4.500933836,4856.71464,5,2,40.476,52.381,11.905,45.238,4.762,0.303571429,-0.032619048,-0.372142857,0.155714286,-0.056214286,-0.246857143,-0.25702381,-0.265309524,0.147357143,22,312.1,40,1.27,1.04,0.000772539,32.14285714,0.119047619,0.357142857,2.14904762,1.02380952,-0.13261905,0.60942857,2.56204762,19.16,0.54061905,1.035,19.86284524,2.21428571,-1.1641061,0.4885347,-1.84785714,0.69857143,1.319761905,-4.609047619,5,7,11.905,21.429,0.29,0.387634763,1.864285714
ExtVal_191,2,6.66,0.083142857,0.652285714,-0.171428571,2.334285714,1.258571429,-0.282988263,3988.53004,5,4,48.571,57.143,14.286,40,11.429,0.437142857,-0.194,-0.517142857,0.090857143,0.060942857,-0.260028571,-0.048285714,-0.3172,0.024342857,17,50.32,70,1.06,0.99,-0.000225146,31.34285714,0.171428571,0.371428571,2.16914286,1.08571429,0.00171429,0.583,2.692,20.08257143,0.52371429,0.998,19.16212571,2.17142857,-1.39066339,0.46818716,-3.53628571,0.37714286,1.261142857,-4.276285714,7,5,20,25.714,0.22,0.45228724,2.334285714
ExtVal_192,2,8.1,0.033611111,0.323611111,-0.068333333,1.883333333,1.291944444,2.625776236,4207.85734,4,4,36.111,55.556,11.111,50,11.111,0.572777778,-0.055555556,-0.153333333,0.141944444,-0.183333333,-0.201388889,-0.161333333,-0.079888889,0.014694444,30,0.61,80,1.38,1.12,0.000489561,53.53055556,0.138888889,0.305555556,2.05166667,1.22222222,-0.18666667,0.61077778,2.42994444,19.84277778,0.58327778,1.01138889,20.41231389,2.30555556,-0.8328596,0.48225436,-0.45694444,1.39416667,1.465,-5.163611111,5,7,13.889,30.556,0.31,0.453480994,1.883333333
ExtVal_193,2,8.1,0.043611111,0.325555556,-0.060833333,1.894444444,1.224166667,2.625776236,4246.89394,4,4,36.111,55.556,11.111,50,11.111,0.559722222,0.025,-0.180277778,0.145,-0.194527778,-0.181027778,-0.198388889,-0.102722222,0.004555556,30,0.93,80,1.57,1.12,0.000485062,55.14166667,0.138888889,0.277777778,2.06472222,1.22222222,-0.21805556,0.61361111,2.43216667,19.62083333,0.58327778,1.00916667,20.48644444,2.33333333,-0.78850585,0.49083,0.1,1.47527778,1.49,-5.305833333,5,7,13.889,30.556,0.3,0.402404645,1.894444444
ExtVal_194,2,8.12,0.145581395,0.570465116,-0.508139535,2.604651163,1.379302326,2.713493232,4714.42414,6,1,44.186,62.791,13.953,27.907,2.326,0.589069767,0.079534884,-0.199069767,0.161627907,0.064023256,-0.294744186,-0.038348837,0.02372093,-0.111906977,18,0,80,1.11,1.1,0.000445231,29.17674419,0.162790698,0.302325581,1.9244186,0.95348837,-0.0944186,0.57395349,2.62644186,20.0072093,0.59783721,0.88255814,18.00016977,1.93023256,-1.96721373,0.4279551,-10.70395349,0.21674419,1.490930233,-3.12255814,8,5,18.605,13.953,0.19,0.50468866,2.604651163
ExtVal_195,2,7.82,-0.02047619,0.497142857,-0.526190476,2.14047619,1.22,1.623322348,4567.11224,4,2,54.762,69.048,9.524,38.095,4.762,0.56,-0.246904762,-0.323809524,0.184761905,0.012,-0.38152381,-0.018357143,-0.101428571,0.011166667,17,450.68,50,0.91,1.09,0.000231657,47.07642857,0.166666667,0.285714286,1.99309524,0.97619048,-0.11214286,0.54911905,2.61909524,20.06428571,0.616,0.87880952,18.3501,2,-1.63386664,0.41376955,-10.77690476,0.24047619,1.226428571,-3.860238095,7,4,16.667,14.286,0.28,0.577233075,2.14047619
ExtVal_196,2,8.4,0.222857143,0.794571429,-0.373714286,2.331428571,1.279428571,3.627357355,3913.67994,9,2,42.857,51.429,25.714,37.143,5.714,0.221714286,-0.064571429,-0.281714286,0.183428571,0.015057143,-0.236971429,0.054114286,-0.318857143,0.109085714,17,2.87,70,1.21,0.99,0.000782386,32.88285714,0.114285714,0.457142857,2.11514286,1,-0.00371429,0.61034286,2.70791429,19.32542857,0.53448571,1.04714286,18.99112857,2.02857143,-0.33050461,0.46553357,-3.38285714,-0.144,1.472857143,-3.501142857,4,6,11.429,22.857,0.22,0.468948242,2.331428571
ExtVal_197,2,7.82,0.145,0.737380952,-0.787380952,2.65,1.37,1.621737038,4558.22834,5,1,52.381,64.286,11.905,30.952,2.381,0.376904762,-0.32452381,-0.518333333,0.16047619,0.12997619,-0.28497619,0.033261905,-0.278047619,0.020047619,14,618.92,50,1,1.02,0.000231451,7.957142857,0.19047619,0.30952381,2.06190476,0.95238095,-0.08666667,0.57659524,2.87966667,20.32404762,0.60609524,0.85595238,18.14579048,1.92857143,-1.63509263,0.42398083,-10.44857143,-0.67833333,1.363095238,-2.727142857,8,3,19.048,9.524,0.33,0.301498169,2.65
ExtVal_198,2,8.12,-0.095555556,0.326388889,-0.039444444,1.616666667,1.085555556,2.716941118,3885.45034,5,2,50,61.111,13.889,50,5.556,0.563333333,-0.185833333,-0.11,0.222777778,-0.121055556,-0.453472222,0.016111111,-0.15725,-0.028055556,30,0,40,0.95,1.05,0.000541507,61.46111111,0.083333333,0.333333333,2.12638889,1,-0.08444444,0.55175,2.60980556,19.46694444,0.56591667,1.02166667,18.88743611,2.11111111,-1.23473231,0.41925961,-6.38972222,0.81,1.133888889,-4.036111111,4,6,11.111,22.222,0.31,0.339317776,1.616666667
ExtVal_200,2,8.8,0.090833333,0.63625,-0.609166667,1.8375,1.287291667,6.503549439,5210.32844,9,3,43.75,52.083,18.75,35.417,6.25,0.023541667,0.015416667,-0.337291667,0.249166667,-0.0046875,-0.380916667,0.052020833,-0.191708333,0.1263125,30,2.19,60,0.97,0.98,0.001104345,2.06875,0.041666667,0.395833333,2.10604167,0.9375,0.00125,0.5651875,2.64310417,19.84041667,0.61102083,0.998125,17.53332708,1.875,-1.30236596,0.43493318,-7.52541667,-0.295625,1.347291667,-3.730833333,2,10,4.167,27.083,0.19,0.471525747,1.8375
ExtVal_203,2,8.12,0.056571429,0.633142857,-0.191428571,1.782857143,1.252571429,3.592581134,3844.52384,6,3,45.714,60,17.143,42.857,8.571,0.392,-0.087714286,-0.448,0.237142857,-0.143114286,-0.450828571,-0.169028571,-0.412828571,0.184085714,30,0,50,1.03,1,0.000726747,10.52571429,0.057142857,0.4,2.19914286,0.97142857,-0.22314286,0.55642857,2.59482857,19.12942857,0.57368571,1.01542857,18.81564286,2.2,-1.91222398,0.46549998,-4.03085714,0.946,1.230285714,-4.549714286,3,8,8.571,31.429,0.19,0.420157557,1.782857143
ExtVal_204,2,9,0.083589744,0.476410256,-0.187435897,1.6,1.418205128,5.71486765,4226.11094,8,1,38.462,58.974,20.513,38.462,2.564,0.193076923,0.093589744,-0.04,0.216666667,-0.154897436,-0.364538462,-0.028025641,0.118820513,0.141230769,30,0,60,0.86,1.11,0.001207493,44.84615385,0.051282051,0.41025641,2.00128205,0.97435897,-0.0825641,0.61851282,2.51492308,19.08615385,0.56082051,1.00282051,18.97045385,1.97435897,-1.09305411,0.423092,-8.47153846,0.10461538,1.411538462,-3.42974359,3,8,7.692,23.077,0.14,0.55510712,1.6
ExtVal_205,2,5.86,-0.09972973,0.420810811,-0.316216216,1.621621622,1.187837838,-0.494817319,3768.29014,7,4,56.757,78.378,18.919,37.838,10.811,0.879189189,-0.347297297,-0.134324324,0.167837838,-0.156621622,-0.708189189,-0.084648649,0.118756757,-0.084189189,30,0,40,0.54,1.15,-0.000330122,45.9,0.027027027,0.405405405,1.96108108,0.81081081,-0.16540541,0.53789189,2.48978378,19.30486486,0.59897297,0.97378378,18.46535676,1.91891892,-1.15455609,0.39627354,-11.5427027,1.07378378,1.18,-3.535675676,1,4,2.703,21.622,0.27,0.391947821,1.621621622
ExtVal_206,2,7.83,0.138055556,0.440555556,-0.654166667,2.797222222,1.305277778,1.6276557,3954.66274,3,2,41.667,61.111,8.333,25,5.556,0.816111111,0.202222222,-0.300833333,0.110833333,-0.033666667,-0.355722222,-0.123,0.1275,-0.249222222,19,11.47,80,1.2,1.11,0.000268797,62.325,0.166666667,0.333333333,1.91888889,0.97222222,-0.07277778,0.57941667,2.62208333,19.96694444,0.56013889,0.93777778,17.87333611,1.86111111,-0.26293105,0.45082556,-9.14111111,0.29555556,1.611111111,-2.553333333,6,4,16.667,16.667,0.22,0.294813981,2.797222222
ExtVal_208,2,5.7,0.318055556,0.849444444,-0.496666667,3.355555556,1.695555556,-0.3728262,3885.70704,10,3,33.333,63.889,27.778,25,8.333,0.498611111,-0.284444444,-0.03,0.000833333,0.093444444,-0.285472222,0.144777778,0.329722222,-0.027222222,15,15.11,80,0.24,1.15,-0.000240369,57.69722222,0.083333333,0.527777778,1.82722222,1,0.26611111,0.67461111,2.65,21.50888889,0.5625,0.94583333,19.42882222,1.66666667,-0.90585554,0.43470622,-8.48055556,-0.68083333,1.671388889,-2.169166667,3,3,8.333,16.667,0.26,0.601436624,3.355555556
ExtVal_209,2,3.69,-0.263692308,0.261538462,-0.475076923,1.609230769,1.027384615,-9.269553917,6969.52814,10,12,35.385,60,15.385,52.308,18.462,0.236769231,-0.941230769,0.021076923,-0.063230769,-0.378876923,-0.449707692,0.160446154,-0.069953846,-0.283338462,30,0,30,0.6,0.98,-0.001419471,48.15230769,0.046153846,0.261538462,2.34861538,1.06153846,-0.25353846,0.56144615,2.95884615,19.92369231,0.66792308,0.99307692,18.28643846,1.75384615,-0.3813801,0.36039357,-3.96676923,0.46184615,0.981538462,-4.258769231,4,4,6.154,24.615,0.16,0.471255206,1.609230769
ExtVal_218,2,10.46,0.044411765,0.533970588,-0.271911765,1.230882353,1.302647059,5.218497477,7555.95114,21,7,25,42.647,30.882,48.529,10.294,-0.647794118,-0.231617647,0.185735294,0.118823529,-0.341735294,-0.148117647,0.396294118,-0.001176471,0.116970588,30,1010.27,40,0.83,0.95,0.000656442,30.48235294,0.029411765,0.397058824,2.27882353,1.19117647,-0.02720588,0.64420588,2.84826471,19.19058824,0.59002941,1.06558824,18.51676912,1.76470588,0.82452131,0.36862215,-3.54117647,-1.09735294,1.292058824,-4.035588235,5,15,7.353,32.353,0.17,0.556376186,1.230882353
ExtVal_219,2,10.39,0.142428571,0.581571429,0.004285714,1.835714286,1.412,8.933597814,8151.67594,22,4,20,44.286,31.429,47.143,5.714,-0.381571429,-0.063428571,0.301428571,0.112428571,-0.246257143,-0.013342857,0.228057143,0.100485714,0.200271429,30,16.22,30,0.99,1.05,0.001036728,19.44571429,0.071428571,0.414285714,2.07928571,1.2,0.03871429,0.68727143,2.52648571,19.30942857,0.55477143,1.06042857,19.98887286,1.97142857,-0.52727408,0.42573981,-1.723,-0.23328571,1.430428571,-4.728428571,7,15,10,27.143,0.14,0.630365518,1.835714286
ExtVal_220,2,10.39,0.114285714,0.553857143,0.055571429,1.791428571,1.394,8.933597814,8107.56154,22,4,21.429,45.714,31.429,48.571,5.714,-0.371857143,-0.111,0.325,0.121714286,-0.265985714,-0.032714286,0.249414286,0.100885714,0.203085714,30,16.22,30,0.99,1.06,0.001042368,19.44571429,0.071428571,0.4,2.07414286,1.2,0.00228571,0.68197143,2.52212857,19.239,0.56727143,1.05114286,19.93792,1.97142857,-0.55003165,0.42060394,-2.204,-0.17514286,1.407571429,-4.779571429,7,15,10,27.143,0.15,0.630365518,1.791428571
ExtVal_221,2,10.23,0.151940299,0.604179104,0.058656716,1.91641791,1.428955224,7.933892848,7835.25734,22,4,19.403,44.776,32.836,47.761,5.97,-0.373880597,-0.105223881,0.330597015,0.09641791,-0.246746269,0.00238806,0.22858209,0.124044776,0.213029851,30,16.26,60,0.98,1.07,0.000951094,16.33432836,0.074626866,0.417910448,2.06119403,1.20895522,0.02820896,0.69749254,2.50859701,19.28447761,0.5541194,1.05925373,20.2584403,1.98507463,-0.54952378,0.42973704,-1.41746269,-0.17074627,1.44358209,-4.811641791,7,14,10.448,26.866,0.15,0.630365518,1.91641791
ExtVal_222,2,10.55,0.133676471,0.5775,0.050735294,1.838235294,1.4275,9.842685412,7982.47784,22,4,19.118,44.118,32.353,48.529,5.882,-0.460294118,-0.109852941,0.326470588,0.118823529,-0.277617647,0.014485294,0.245985294,0.118955882,0.264544118,30,16.25,30,1.03,1.06,0.001178717,24.51764706,0.073529412,0.411764706,2.04838235,1.22058824,0.01588235,0.69763235,2.45954412,19.21632353,0.56925,1.05794118,20.17362059,1.98529412,-0.49560016,0.43245598,-1.41044118,-0.20044118,1.446176471,-5.022794118,6,15,8.824,27.941,0.13,0.630365518,1.838235294
ExtVal_223,2,4.88,-0.06890625,0.51,-0.22390625,1.828125,1.18828125,-2.397664774,6873.85204,17,8,40.625,57.812,26.562,40.625,12.5,0.1528125,-0.4725,0.02671875,0.04828125,-0.149515625,-0.417109375,0.194359375,0.069203125,-0.09328125,30,6.45,60,0.63,1.01,-0.000465825,71.9671875,0.03125,0.40625,2.135625,0.9375,0.03890625,0.58909375,2.676375,19.5259375,0.57871875,1.046875,18.29103594,1.796875,-1.02191132,0.38946038,-6.836875,0.11765625,1.13328125,-3.8665625,3,7,4.688,23.438,0.17,0.38822906,1.828125
ExtVal_225,2,7.28,0.118115942,0.66,-0.114347826,2.157971014,1.386231884,0.498327429,7641.78814,19,7,36.232,59.42,27.536,43.478,10.145,0.192463768,-0.568115942,-0.060724638,0.074492754,-0.160202899,-0.186652174,0.200536232,-0.286985507,0.017043478,0,66.83,40,0.98,1.01,-0.0000338,40.9173913,0.115942029,0.405797101,2.2042029,1.10144928,-0.0484058,0.62876812,2.82295652,19.80724638,0.57063768,1.0042029,19.7363029,2.04347826,-1.16091652,0.41577471,-2.47927536,0.0042029,1.324637681,-3.749855072,8,8,11.594,21.739,0.21,0.579176025,2.157971014
ExtVal_226,2,7.32,0.080454545,0.585151515,-0.257272727,2.156060606,1.249545455,0.685227434,7369.33644,15,6,33.333,62.121,22.727,39.394,9.091,0.342121212,-0.195606061,-0.028333333,0.076969697,-0.25580303,-0.268348485,-0.013621212,-0.118121212,-0.043212121,30,2.09,40,1.05,1.06,-0.0000228,32.76666667,0.106060606,0.348484848,2.13575758,1.04545455,-0.21651515,0.603,2.67981818,19.14530303,0.57951515,0.97151515,19.09297273,2,-1.11640385,0.4204305,-4.38787879,0.65590909,1.331818182,-4.260606061,9,9,13.636,22.727,0.13,0.491288401,2.156060606
ExtVal_227,2,7.66,0.11921875,0.61859375,-0.1890625,2.3375,1.2909375,1.589513753,7240.17414,14,5,35.938,62.5,21.875,37.5,7.812,0.43984375,-0.1740625,-0.09015625,0.08546875,-0.190109375,-0.202890625,-0.0245625,-0.191125,-0.013875,20,8.73,40,1.18,1.06,0.000108423,37.2125,0.15625,0.359375,2.10671875,1.0625,-0.171875,0.60289063,2.64479687,19.18140625,0.56182813,0.9659375,19.32180469,2.09375,-1.37791616,0.43463805,-4.01390625,0.71078125,1.3675,-4.28796875,11,8,17.188,20.312,0.16,0.5556839,2.3375
ExtVal_228,2,4.12,0.06109375,0.55828125,-0.408125,2.2265625,1.23359375,-4.404522084,7040.86944,12,9,39.062,67.188,18.75,37.5,14.062,0.5053125,-0.3453125,-0.17546875,0.01203125,-0.16796875,-0.31575,0.006359375,-0.134046875,-0.183109375,21,170.69,60,0.95,1.04,-0.000739542,53.2203125,0.125,0.328125,2.15671875,1.0625,-0.183125,0.59059375,2.806,20.00484375,0.5963125,0.93734375,18.85631563,1.90625,-0.69305615,0.41393208,-4.88984375,0.44359375,1.358125,-3.80078125,9,6,14.062,23.438,0.23,0.419078096,2.2265625
ExtVal_229,2,5.31,-0.088656716,0.423432836,-0.320895522,1.98358209,1.073283582,-2.312699098,7147.85474,10,7,47.761,67.164,14.925,40.299,10.448,0.50761194,-0.355373134,-0.188955224,0.11119403,-0.202626866,-0.444253731,0.093044776,-0.192970149,-0.188626866,22,110.21,40,0.94,1,-0.000443072,10.75074627,0.119402985,0.28358209,2.18940299,0.98507463,-0.19746269,0.53262687,2.8078209,19.50820896,0.60379104,0.93955224,17.69886269,1.91044776,-1.08573133,0.38468368,-8.28537313,0.46477612,1.118507463,-3.765074627,10,7,14.925,20.896,0.19,0.446017516,1.98358209
ExtVal_230,2,7.67,0.0884375,0.54703125,0.01140625,2.0140625,1.38078125,1.773662438,7188.18574,15,6,32.812,59.375,23.438,40.625,9.375,0.3478125,-0.13234375,0.0009375,0.09328125,-0.23371875,-0.24528125,-0.004359375,-0.05496875,0.005390625,30,2.98,40,1,1.08,0.000121171,38.3140625,0.109375,0.375,2.1103125,1.09375,-0.16875,0.61009375,2.59414062,19.17703125,0.55789062,0.99640625,19.4306125,2.109375,-1.509082,0.42616609,-4.08734375,0.81546875,1.344375,-4.40921875,10,11,15.625,26.562,0.09,0.53410791,2.0140625
ExtVal_231,2,7.33,0.01546875,0.48296875,-0.16421875,2.06875,1.27671875,0.683678056,7252.13954,10,7,35.938,59.375,15.625,42.188,10.938,0.31671875,-0.2325,-0.21703125,0.08890625,-0.273,-0.24834375,-0.037546875,-0.182625,-0.004296875,30,0.58,40,1.19,1.04,-0.0000239,36.365625,0.140625,0.296875,2.18203125,1.125,-0.2609375,0.5876875,2.674875,19.246875,0.592375,0.9603125,19.00303281,2.125,-1.34164386,0.43268355,-3.8784375,0.75078125,1.28015625,-4.64484375,11,10,17.188,26.562,0.12,0.461187212,2.06875
ExtVal_232,2,8.52,0.118571429,0.573650794,-0.231746032,2.241269841,1.251269841,5.497529748,7394.47854,11,5,33.333,53.968,17.46,41.27,7.937,0.21031746,-0.013968254,-0.183492063,0.131428571,-0.134222222,-0.095904762,-0.058746032,-0.273079365,0.073301587,17,149.31,40,1.49,1.03,0.000641563,38.31587302,0.158730159,0.301587302,2.11825397,1.14285714,-0.16587302,0.60501587,2.56403175,19.51380952,0.59720635,0.96634921,19.29383492,2.15873016,-1.61484456,0.46836034,-1.68126984,0.7347619,1.430634921,-5.106190476,10,11,15.873,25.397,0.19,0.656585532,2.241269841
ExtVal_234,2,7.65,0.001875,0.439375,-0.15765625,1.871875,1.22484375,1.502274982,7186.12044,12,8,35.938,57.812,18.75,40.625,12.5,0.32921875,-0.25953125,-0.1428125,0.084375,-0.292921875,-0.255859375,0.020265625,-0.264546875,-0.074828125,30,1.24,40,1.32,1.01,0.000103533,21.4296875,0.140625,0.328125,2.21125,1.09375,-0.2728125,0.5735,2.68885937,18.94,0.59760937,0.9996875,18.525275,2.0625,-0.85940194,0.42874148,-2.82515625,0.829375,1.324375,-4.48640625,9,10,14.062,28.125,0.17,0.420814283,1.871875
ExtVal_235,2,8.1,-0.036216216,0.557027027,-0.35972973,1.908108108,1.056486486,2.62632375,4064.67214,6,2,45.946,59.459,16.216,45.946,5.405,0.252162162,-0.328108108,-0.272432432,0.14972973,-0.171027027,-0.373675676,-0.018378378,-0.332135135,0.127432432,30,0,30,0.92,1,0.000507546,30.15945946,0.108108108,0.378378378,2.22297297,0.97297297,-0.13432432,0.57427027,2.74356757,19.00513514,0.56978378,1.01324324,18.76384054,2,-0.64094635,0.43198124,-4.85081081,0.18810811,1.128918919,-4.072702703,4,5,10.811,18.919,0.33,0.369871653,1.908108108
ExtVal_238,2,6.76,0.021969697,0.505606061,-0.264242424,1.987878788,1.193939394,-0.314617804,7333.21364,13,7,34.848,62.121,19.697,42.424,10.606,0.395909091,-0.269545455,-0.055,0.076515152,-0.265257576,-0.298742424,-0.013439394,-0.195954545,-0.101954545,30,2.1,40,1.07,1.03,-0.000159412,25.98939394,0.106060606,0.318181818,2.19378788,1.06060606,-0.25469697,0.58265152,2.73118182,19.30621212,0.59466667,0.97106061,18.91486061,2.01515152,-1.16455055,0.41465561,-3.79,0.81560606,1.272878788,-4.368939394,9,9,13.636,24.242,0.15,0.495492977,1.987878788
ExtVal_239,2,7.28,-0.110454545,0.278787879,-0.241666667,1.896969697,1.232121212,0.505821036,7174.09794,9,7,42.424,57.576,13.636,42.424,10.606,0.365151515,-0.452121212,-0.130151515,0.116818182,-0.213909091,-0.356409091,0.151712121,-0.074909091,-0.178878788,30,243.8,30,1.14,1.02,-0.0000355,50.84242424,0.121212121,0.272727273,2.13484848,1.04545455,-0.17636364,0.56030303,2.70672727,19.58075758,0.62051515,0.97893939,18.00749545,1.96969697,-1.09027817,0.40176631,-6.90454545,0.45242424,1.225,-3.770454545,8,8,12.121,22.727,0.25,0.34868933,1.896969697
ExtVal_240,2,7.91,0.007195122,0.45804878,0.012073171,1.829268293,1.2,3.14029072,9400.61534,13,7,35.366,47.561,15.854,47.561,8.537,0.106219512,0.004390244,-0.175365854,0.13097561,-0.202073171,-0.202353659,0.008804878,-0.177597561,0.018463415,28,413.75,20,1.25,1,0.000216583,51.55487805,0.12195122,0.280487805,2.2654878,1.17073171,-0.16439024,0.58396341,2.74031707,19.09463415,0.56141463,1.01329268,18.87990122,2.18292683,-1.3289682,0.43075476,-3.02634146,0.50097561,1.212804878,-4.767439024,17,17,20.732,29.268,0.21,0.466898411,1.829268293
ExtVal_241,2,7.66,0.142121212,0.667424242,-0.352424242,2.209090909,1.356363636,1.6816805,7179.21794,16,4,39.394,62.121,24.242,34.848,6.061,0.4,-0.191969697,-0.035151515,0.106060606,-0.062136364,-0.285454545,0.061515152,-0.113848485,-0.058681818,19,13.34,40,0.87,1.06,0.000115751,24.82575758,0.121212121,0.393939394,2.07954545,0.98484848,-0.09969697,0.59521212,2.74445455,19.59666667,0.57006061,0.95818182,18.72123788,1.92424242,-1.28034018,0.40727401,-6.97757576,0.15257576,1.381363636,-3.370454545,10,8,15.152,18.182,0.18,0.47434738,2.209090909
ExtVal_242,2,7.64,-0.088333333,0.308030303,-0.264848485,2.01969697,1.249393939,1.504045914,7144.11494,9,6,42.424,57.576,13.636,40.909,9.091,0.340606061,-0.427272727,-0.139090909,0.130909091,-0.181530303,-0.350090909,0.174939394,-0.091060606,-0.169545455,30,56.62,40,1.12,1.01,0.000104282,46.61363636,0.121212121,0.272727273,2.12545455,1.03030303,-0.14424242,0.56007576,2.72625758,19.73893939,0.62368182,0.96575758,17.82054242,1.93939394,-1.32763527,0.40076167,-7.56257576,0.28787879,1.236060606,-3.574545455,8,8,12.121,21.212,0.24,0.356518912,2.01969697
ExtVal_243,2,7.89,0.136,0.656461538,-0.283692308,2.369230769,1.299230769,2.49992999,7388.44064,15,5,35.385,60,23.077,35.385,7.692,0.342615385,-0.160615385,-0.113538462,0.088615385,-0.178292308,-0.182692308,-0.003276923,-0.177953846,0.020507692,20,8.72,40,1.19,1.05,0.000236045,28.81538462,0.153846154,0.384615385,2.09230769,1.04615385,-0.11630769,0.60824615,2.61761538,19.11738462,0.55638462,0.98307692,19.18000923,2.06153846,-1.17288621,0.43870933,-3.98415385,0.50492308,1.384307692,-4.274,10,8,15.385,20,0.16,0.59819552,2.369230769
ExtVal_244,2,6.59,-0.08440678,0.38779661,-0.241525424,1.586440678,1.12779661,-0.406740015,6234.02474,11,6,44.068,67.797,18.644,44.068,10.169,0.58559322,-0.398983051,-0.036610169,0.131016949,-0.261457627,-0.478525424,0.050864407,-0.200322034,-0.155677966,30,0,40,0.81,1.03,-0.000193936,54.08135593,0.06779661,0.355932203,2.21271186,0.96610169,-0.15237288,0.544,2.75333898,19.3979661,0.58469492,1,18.50086441,1.98305085,-1.22336477,0.38096339,-6.22033898,0.8040678,1.108474576,-3.817118644,5,7,8.475,22.034,0.19,0.430446799,1.586440678
ExtVal_245,2,7.28,-0.076666667,0.227936508,-0.011428571,1.757142857,1.312222222,0.500250691,7075.95324,8,9,34.921,61.905,12.698,46.032,14.286,0.463174603,-0.361904762,-0.091269841,0.092063492,-0.329539683,-0.275063492,0.019730159,-0.10884127,-0.13768254,30,3.65,40,1.28,1.06,-0.0000365,25.45714286,0.126984127,0.253968254,2.1452381,1.17460317,-0.2784127,0.58088889,2.5898254,19.74492063,0.6282381,0.96285714,19.10810317,2.14285714,-1.51029707,0.42433912,-3.2952381,1.20746032,1.314444444,-4.74,8,10,12.698,30.159,0.17,0.52337395,1.757142857
ExtVal_246,2,7.28,-0.113947368,0.482894737,-0.624473684,1.876315789,0.960526316,0.501822249,3856.31194,4,2,60.526,78.947,10.526,39.474,5.263,0.851578947,-0.427105263,-0.391315789,0.216315789,-0.110078947,-0.683736842,-0.098184211,-0.399236842,-0.135210526,21,21.1,60,0.77,1.01,-0.0000641,33.57894737,0.078947368,0.315789474,2.16526316,0.76315789,-0.25973684,0.49386842,2.79465789,19.42763158,0.60518421,0.91842105,17.5866,1.92105263,-1.6980894,0.39448934,-10.82842105,0.75684211,1.013947368,-3.197894737,3,3,7.895,13.158,0.24,0.546080829,1.876315789
ExtVal_247,2,7.66,-0.02109375,0.36359375,-0.2815625,2.021875,1.2846875,1.594069539,7289.28124,6,7,37.5,53.125,9.375,43.75,10.938,0.25,-0.26265625,-0.3090625,0.09703125,-0.1700625,-0.21765625,0.00384375,-0.175921875,-0.074734375,11,2.75,30,1.31,1,0.00010783,23.2109375,0.15625,0.25,2.17609375,1.15625,-0.215625,0.58709375,2.70589062,19.82953125,0.60604688,0.96265625,18.70570937,2.09375,-1.12837024,0.44267649,-3.80234375,0.463125,1.32234375,-4.34421875,11,10,17.188,26.562,0.26,0.425251939,2.021875
ExtVal_248,2,7.84,0.054634146,0.681707317,-0.465853659,2.187804878,1.232926829,1.809383116,4473.11334,8,3,41.463,60.976,19.512,34.146,7.317,0.300731707,-0.009512195,-0.244390244,0.166585366,-0.206902439,-0.422731707,-0.073756098,-0.085585366,0.118439024,30,0,70,0.83,1.06,0.000255975,57.53170732,0.073170732,0.365853659,2.1202439,0.95121951,-0.18,0.5477561,2.65629268,18.99390244,0.61678049,0.94439024,17.7954561,1.95121951,-1.62625617,0.41402052,-8.60731707,0.39390244,1.230487805,-4.32902439,5,7,12.195,24.39,0.25,0.509073204,2.187804878
ExtVal_250,2,7.43,0.176451613,0.882580645,-0.359677419,2.983870968,1.391290323,0.63030599,3408.06294,9,3,41.935,51.613,29.032,32.258,9.677,0.239677419,-0.363225806,-0.260967742,0.097419355,0.065225806,-0.337354839,0.173645161,-0.072774194,0.096483871,30,7.33,120,0.64,1,0.0000191,96.53225806,0.064516129,0.516129032,2.03258065,0.93548387,0.22516129,0.60893548,2.63919355,20.23032258,0.55370968,1.05096774,18.53733548,1.87096774,-1.33246676,0.45492745,-5.62870968,-0.28741935,1.347419355,-3.464516129,2,4,6.452,22.581,0.32,0.538692452,2.983870968
ExtVal_251,2,9.35,-0.093962264,0.224716981,-0.2,1.216981132,1.375283019,4.752865725,6021.93644,6,6,37.736,49.057,11.321,50.943,11.321,-0.132830189,-0.300943396,-0.129245283,0.15,-0.248981132,-0.17609434,0.174075472,0.012943396,0.09609434,30,18.59,30,1.12,1.03,0.00072502,47.72264151,0.150943396,0.283018868,2.11603774,1.26415094,-0.19924528,0.60928302,2.58666038,19.65113208,0.62175472,0.9909434,18.8836283,2.03773585,0.28397061,0.41582191,-4.86528302,-0.10490566,1.328679245,-4.617924528,8,11,15.094,32.075,0.26,0.395640812,1.216981132
ExtVal_252,2,7.45,0.016595745,0.41212766,0.022553191,1.317021277,1.312553191,0.722717526,5284.11584,11,8,36.17,51.064,23.404,48.936,17.021,0.192340426,-0.250638298,-0.05106383,0.087446809,-0.21706383,-0.263021277,0.100021277,-0.112510638,-0.038531915,30,0,40,1.07,1.01,0.0000197,37.42553191,0.085106383,0.404255319,2.19957447,1.19148936,-0.13914894,0.60821277,2.6342766,19.45489362,0.56108511,1.08808511,19.47141915,2.08510638,0.27675659,0.43356629,-0.60297872,0.62659574,1.37893617,-4.556595745,5,10,10.638,38.298,0.1,0.555397251,1.317021277
ExtVal_253,2,9.21,-0.015641026,0.424102564,-0.352820513,1.469230769,1.248974359,5.71645296,4167.94764,6,2,41.026,64.103,15.385,43.59,5.128,0.244615385,0.045897436,-0.085128205,0.272051282,-0.240076923,-0.472435897,-0.016153846,-0.036769231,0.144717949,30,0,70,0.7,1.07,0.001224826,32.31794872,0.025641026,0.358974359,2.06102564,1,-0.1574359,0.56233333,2.52358974,19.63512821,0.62384615,0.95692308,18.2053359,1.92307692,-1.21541713,0.40624717,-8.71820513,0.39512821,1.255128205,-4.20974359,2,9,5.128,28.205,0.25,0.700470331,1.469230769
ExtVal_254,2,9.13,0.021794872,0.422051282,-0.382307692,1.676923077,1.344358974,5.626767287,4135.98324,7,2,41.026,58.974,17.949,38.462,5.128,0.24025641,-0.074615385,-0.108205128,0.256923077,-0.229307692,-0.437512821,0.08825641,-0.030564103,0.060589744,30,92.83,50,0.92,1.05,0.001223652,44.83333333,0.051282051,0.384615385,2.04769231,0.97435897,-0.13923077,0.57176923,2.59102564,19.32102564,0.61102564,0.99051282,17.87716667,1.8974359,-0.70504135,0.40795336,-8.83564103,0.07512821,1.362820513,-3.356410256,2,8,5.128,25.641,0.21,0.518752566,1.676923077
ExtVal_255,2,8.57,-0.104054054,0.396756757,-0.479189189,1.389189189,1.034324324,5.500009128,4021.74214,2,1,51.351,64.865,5.405,48.649,2.703,0.334864865,-0.090810811,-0.491351351,0.28972973,-0.187837838,-0.517810811,-0.251243243,-0.327783784,0.215324324,30,0,30,1.05,1.03,0.001181824,19.12702703,0.054054054,0.297297297,2.18216216,0.91891892,-0.25783784,0.55045946,2.58848649,19.02648649,0.60010811,0.97027027,18.76027297,2.13513514,-1.54071811,0.44955866,-7.00351351,0.64837838,1.094864865,-4.406756757,2,7,5.405,21.622,0.21,0.43585418,1.389189189
ExtVal_256,2,10.03,0.117631579,0.570789474,-0.426842105,1.536842105,1.364210526,7.716748358,4211.20434,7,1,34.211,50,18.421,42.105,2.632,-0.081315789,0.192631579,-0.192105263,0.274473684,-0.171815789,-0.319578947,-0.051894737,-0.100236842,0.273894737,30,130.29,70,0.91,1.03,0.001687168,38.37894737,0.026315789,0.421052632,2.11210526,1.02631579,-0.06973684,0.61039474,2.5575,19.27894737,0.57118421,1.03078947,18.74758947,2,-0.84095695,0.44386006,-5.48210526,-0.12631579,1.382631579,-4.015263158,2,10,5.263,28.947,0.19,0.633218344,1.536842105
ExtVal_257,2,10.03,0.120263158,0.562631579,-0.391052632,1.5,1.363947368,7.715419719,4197.17744,7,1,34.211,52.632,18.421,42.105,2.632,-0.027631579,0.207894737,-0.165789474,0.274210526,-0.170473684,-0.325447368,-0.062105263,-0.118210526,0.261815789,30,130.29,70,0.88,1.03,0.001692565,29.09210526,0.026315789,0.421052632,2.11184211,1.02631579,-0.07131579,0.60765789,2.55413158,19.39210526,0.57228947,1.02026316,18.80013421,2,-1.02438153,0.44060539,-5.50368421,-0.02815789,1.382368421,-4.035,2,10,5.263,28.947,0.2,0.691742832,1.5
ExtVal_258,2,8.85,-0.209833333,0.231666667,-0.1045,1.2,1.135666667,3.750412716,6933.65844,8,7,35,53.333,13.333,56.667,11.667,-0.121833333,-0.4135,0.047166667,0.128666667,-0.315366667,-0.185883333,0.121666667,-0.10215,0.120933333,30,0,20,1.06,1.02,0.000485173,52.995,0.116666667,0.233333333,2.1795,1.21666667,-0.20766667,0.57723333,2.49331667,19.56533333,0.66315,0.97616667,18.96735833,2.08333333,-1.40924375,0.40564308,-3.279,0.74866667,1.063166667,-6.202666667,7,11,11.667,30,0.15,0.539837407,1.2
ExtVal_259,2,7.84,-0.076176471,0.326764706,-0.366176471,1.176470588,1.174705882,1.721046744,3600.26814,5,4,41.176,61.765,14.706,44.118,11.765,0.411764706,-0.106764706,-0.209411765,0.186470588,-0.326117647,-0.570264706,-0.085352941,-0.088235294,-0.066941176,30,0,70,0.8,1.02,0.000307198,56.85882353,0,0.382352941,2.21176471,0.97058824,-0.20470588,0.55532353,2.65652941,19.15764706,0.57094118,1.04852941,18.30936176,1.97058824,-0.33854568,0.40803723,-5.87294118,0.72441176,1.197941176,-3.796176471,1,7,2.941,32.353,0.19,0.288736401,1.176470588
ExtVal_262,2,7.96,-0.078,0.372933333,-0.153866667,1.589333333,1.090533333,3.472024754,8453.48634,12,7,41.333,65.333,16,50.667,9.333,0.4216,-0.1468,0.018933333,0.1444,-0.239,-0.33692,-0.075466667,0.015253333,0.065946667,30,5.19,20,0.91,1.12,0.000294318,65.86666667,0.093333333,0.32,2.04066667,1.09333333,-0.15853333,0.58948,2.41541333,19.45186667,0.58994667,0.98413333,19.74826667,2.09333333,-0.83281406,0.42739713,-4.7824,1.11573333,1.1968,-5.365333333,8,12,10.667,25.333,0.2,0.566528929,1.589333333
