ID,Label,pI,hydrophobicity_Cid,hydrophobicity_Jones,hydrophobicity_Ponnuswamy,hydrophobicity_Welling,hydrophobicity_Zimmerman,charge,mw,Aliphatic,Acidic,%Tiny,%Small,%Aliphatic,%Polar,%Acidic,Electronic_Properties,Electrophilicity,Hardness,H_bonding,Hydrophobicity_index,"Bulky_properties,",Compositional_characteristic_index,Local_flexibility,Electronic_properties,Penetration Depth,Propensity to in vitro Aggregation,Angle Subtended by the Hydrophobic Residues,Amphiphilicity Index,Propensity to PPII coil,Charge Density,Instabilidy Index,Aromaticity,Hydroph Ratio,AASI,ABHPRK,argos,bulkiness,cougar,Ez,flexibility,levitt_alpha,MSS,pepcats,PPCALI,refractivity,t_scale,z3,hydrophobicity_Janin,hydrophobicity_Wolfenden,Aromatic,Basic,%Aromatic,%Charged,Linear Moment,hmoment,hydrophobicity_Wilson
MDPs_17,MDPs,8.384662183,0.078780488,1.155365854,0.763902439,-0.097560976,1.179512195,2.717967736,4290.00984,13,3,46.341,65.854,31.707,36.585,7.317,0.140243902,-0.236585366,-0.116341463,0.190243902,-0.188756098,-0.45097561,0.239682927,-0.293365854,0.120487805,19,0,50,0.64,0.96,0.000490676,35.54146341,0.048780488,0.487804878,2.18243902,0.90243902,0.00146341,0.5694878,2.75082927,19.00097561,0.54668293,1.01902439,17.80709268,1.82926829,-0.90309682,0.39166614,-7.97243902,-0.25414634,0.002439024,-3.433170732,3,7,7.317,24.39,0.23,0.482696596,2.014634146
MDPs_18,MDPs,7.637580539,-0.104772727,1.160454545,0.414318182,-0.274090909,1.0275,0.599340361,4897.53624,5,6,45.455,61.364,11.364,47.727,13.636,0.443409091,-0.180227273,-0.350227273,0.155681818,-0.289954545,-0.467363636,-0.115159091,-0.132590909,0.050931818,30,0.57,30,1.05,1.05,-0.000041,61.4,0.068181818,0.295454545,2.165,1.06818182,-0.23613636,0.54781818,2.5695,19.33522727,0.62109091,0.98954545,18.64878182,2.09090909,-0.71129035,0.44592587,-4.67068182,1.04022727,-0.125,-5.146136364,4,8,9.091,31.818,0.26,0.687572328,1.902272727
MDPs_51,MDPs,8.627800758,0.091627907,1.164883721,0.791860465,-0.08255814,1.185581395,3.717964425,4545.32994,14,3,44.186,65.116,32.558,37.209,6.977,0.016511628,-0.199069767,-0.115348837,0.201162791,-0.239534884,-0.417325581,0.244767442,-0.286255814,0.202465116,19,0,50,0.66,0.96,0.000683122,34.35348837,0.046511628,0.488372093,2.18046512,0.93023256,-0.01116279,0.58,2.72086047,18.84790698,0.55225581,1.01511628,17.9107186,1.8372093,-0.79640039,0.39563865,-7.67255814,-0.34813953,-0.01627907,-3.690465116,3,8,6.977,25.581,0.21,0.482696596,2.03255814
MDPs_59,MDPs,9.277398634,0.165789474,1.455263158,0.751578947,-0.857368421,1.347368421,5.625824413,4105.96834,7,0,39.474,63.158,18.421,28.947,0,0.145526316,0.118421053,-0.187894737,0.223684211,-0.078236842,-0.388052632,-0.039868421,0.142105263,0.242842105,30,0,170,0.63,1.12,0.001233573,55.11052632,0.052631579,0.394736842,1.89368421,0.89473684,-0.02263158,0.59968421,2.5475,19.88605263,0.6425,0.88815789,17.89491579,1.71052632,-1.22187745,0.42577994,-11.99552632,-0.54894737,0.023684211,-3.413157895,2,6,5.263,15.789,0.17,0.690650043,2.584210526
MDPs_60,MDPs,9.277398634,0.127857143,1.397380952,0.73,-0.901428571,1.301190476,5.625824413,4450.33604,8,0,42.857,64.286,19.048,30.952,0,0.154285714,0.001428571,-0.140952381,0.236904762,-0.062952381,-0.422642857,0.038380952,0.09902381,0.199357143,30,0,180,0.57,1.11,0.001138118,48.79285714,0.047619048,0.380952381,1.92571429,0.88095238,-0.02547619,0.58183333,2.63480952,19.99785714,0.66266667,0.87904762,17.62105952,1.66666667,-1.14498805,0.40300964,-12.83285714,-0.69142857,0.04047619,-3.220952381,2,6,4.762,14.286,0.17,0.690650043,2.44047619
MDPs_69,MDPs,8.107771477,0.069166667,1.329444444,0.554722222,-0.213611111,1.396944444,1.716164998,3966.60514,6,3,44.444,55.556,16.667,41.667,8.333,0.331388889,-0.302222222,-0.364166667,0.178333333,-0.093472222,-0.317666667,0.01725,-0.241333333,0.039361111,30,6.84,50,1.18,1.03,0.000276811,50.97222222,0.111111111,0.333333333,2.16444444,1.05555556,-0.16944444,0.58394444,2.75133333,19.55305556,0.59133333,0.98138889,18.95407222,2.16666667,-1.62637279,0.43985945,-5.37555556,0.29388889,-0.119444444,-3.704722222,5,6,13.889,25,0.23,0.30404886,2.041666667
MDPs_100,MDPs,9.481123885,0.187352941,1.272647059,0.902941176,-0.015882353,1.318529412,8.589080759,3981.76334,6,0,47.059,52.941,17.647,38.235,0,0.063823529,0.363529412,-0.660294118,0.384117647,-0.126617647,-0.262970588,-0.221352941,-0.380382353,0.697147059,18,502.36,80,1.36,1.05,0.001956672,44.3,0.117647059,0.411764706,2.03647059,1.02941176,-0.09705882,0.57461765,2.28141176,18.35294118,0.56847059,0.97941176,19.02325294,2.44117647,-2.88368085,0.5231048,-5.60382353,0.63441176,-0.132352941,-5.844117647,5,10,14.706,29.412,0.27,0.501789734,2.611764706
MDPs_101,MDPs,8.213478631,-0.15,1.047021277,0.334680851,-0.119148936,1.035531915,2.687585552,5503.15004,3,6,40.426,59.574,6.383,59.574,12.766,0.299787234,-0.079361702,-0.282765957,0.163617021,-0.253680851,-0.34187234,-0.267085106,-0.188978723,0.198276596,30,0,40,0.92,1.05,0.000334355,39.46382979,0.085106383,0.276595745,2.17255319,1.19148936,-0.25234043,0.57338298,2.35544681,19.69893617,0.58587234,1.00191489,20.08200851,2.29787234,-1.32817095,0.46904063,-1.07638298,1.63106383,-0.234042553,-6.719574468,6,11,12.766,36.17,0.2,0.546373982,1.287234043
MDPs_102,MDPs,8.593762688,0.080512821,1.261794872,0.624615385,-0.483589744,1.214871795,4.772054323,4348.99654,2,0,46.154,58.974,5.128,33.333,0,0.592307692,0.363589744,-0.505384615,0.252051282,0.009717949,-0.421230769,-0.330846154,-0.207025641,0.116974359,24,0,90,1.06,1.06,0.000891469,45.72307692,0.128205128,0.282051282,2.05333333,0.92307692,-0.22461538,0.52246154,2.55782051,19.43923077,0.595,0.89358974,17.67437436,2.12820513,-3.00943373,0.46741667,-9.45717949,0.91512821,-0.005128205,-4.35974359,8,8,20.513,20.513,0.21,0.59864972,2.535897436
MDPs_103,MDPs,8.611012178,0.046666667,1.239722222,0.591111111,-0.253055556,1.286388889,3.71375689,3934.56894,6,1,47.222,58.333,16.667,41.667,2.778,0.305,-0.163888889,-0.290555556,0.216666667,-0.065111111,-0.352777778,-0.04,-0.253472222,0.156694444,20,0,90,1.01,1.04,0.00078789,34.49166667,0.111111111,0.361111111,2.14,0.97222222,-0.14361111,0.57208333,2.69655556,19.14888889,0.58211111,0.97388889,18.74901667,2.11111111,-1.80372773,0.43254435,-7.14416667,0.23027778,-0.088888889,-3.808888889,5,6,13.889,19.444,0.27,0.489147964,1.919444444
MDPs_104,MDPs,9.187693797,0.09195122,1.444390244,0.528292683,-0.366585366,1.476097561,5.715159373,4334.23594,8,1,41.463,60.976,19.512,34.146,2.439,0.093902439,0.004878049,-0.106585366,0.234390244,-0.088390244,-0.400073171,0.092073171,0.150146341,0.123439024,30,0,80,0.76,1.1,0.001177372,42.28780488,0.048780488,0.365853659,1.95463415,0.95121951,-0.09243902,0.60363415,2.60097561,19.71756098,0.62390244,0.92463415,17.96576341,1.80487805,-1.38815106,0.40564766,-11.94219512,-0.44780488,-0.085365854,-2.945853659,3,8,7.317,21.951,0.28,0.520367464,1.9
MDPs_105,MDPs,8.409328212,-0.027906977,1.120232558,0.515813953,-0.23744186,1.090465116,3.591951459,4642.34894,7,2,48.837,65.116,16.279,44.186,4.651,0.468837209,-0.128837209,-0.194651163,0.208837209,-0.050348837,-0.463046512,-0.065534884,-0.261023256,0.036860465,30,75.44,30,0.8,1.02,0.000602281,41.17906977,0.069767442,0.372093023,2.12093023,0.90697674,-0.08255814,0.555,2.5847907,19.55302326,0.55711628,0.99604651,18.62520233,2.02325581,-1.8441897,0.42883546,-6.83860465,0.72883721,-0.06744186,-4.159534884,4,7,9.302,20.93,0.2,0.443110084,1.739534884
MDPs_106,MDPs,8.667494817,-0.041363636,1.035454545,0.498181818,-0.321590909,0.928636364,3.020378229,4628.18684,8,1,50,65.909,18.182,43.182,2.273,0.217727273,-0.005454545,-0.135454545,0.233863636,-0.156772727,-0.437113636,0.0775,-0.422431818,-0.080613636,30,7.44,40,1.01,0.94,0.000538658,-0.479545455,0.090909091,0.295454545,2.31045455,0.90909091,-0.21909091,0.52545455,2.927,18.69704545,0.55677273,0.95772727,17.42055909,1.90909091,-1.0683849,0.36378065,-9.00340909,-0.00159091,-0.040909091,-3.473636364,7,7,15.909,18.182,0.26,0.467326134,1.268181818
MDPs_107,MDPs,12.132381,0.218947368,1.428157895,0.921842105,-0.551052632,1.323684211,9.626102891,4507.43054,7,0,36.842,47.368,18.421,36.842,0,-0.247894737,0.374473684,-0.343684211,0.278684211,-0.039052632,-0.128973684,-0.067315789,-0.065578947,0.665815789,16,0,50,0.86,1.07,0.002011359,52.94736842,0.131578947,0.447368421,1.90105263,1.10526316,0.07184211,0.61494737,2.27113158,19.59,0.6085,0.95236842,18.66548684,2,-1.03369569,0.49957306,-6.26552632,-0.38605263,-0.073684211,-5.678421053,5,10,13.158,26.316,0.16,0.777386116,2.768421053
MDPs_109,MDPs,9.069378676,0.158101266,1.306329114,0.794936709,-0.169746835,1.255443038,5.805198267,8635.86164,26,3,43.038,63.291,32.911,35.443,3.797,0.048101266,-0.103164557,0.049493671,0.173670886,-0.136177215,-0.223202532,0.248164557,-0.111506329,0.157392405,20,1349.67,40,0.91,1.05,0.000594965,38.33670886,0.126582278,0.430379747,2.05506329,1,-0.00518987,0.6055443,2.67662025,18.84607595,0.55535443,0.96607595,18.57424051,1.89873418,-0.69465518,0.38914601,-8.52822785,-0.44683544,-0.010126582,-3.806202532,12,11,15.19,17.722,0.33,0.439175921,2.155696203
MDPs_111,MDPs,8.623130897,0.06825,1.08125,0.81125,-0.1835,1.11175,3.715482471,4141.76424,12,1,55,70,30,35,2.5,0.29425,-0.1625,-0.14275,0.26025,-0.096725,-0.493625,0.198425,-0.3229,0.176875,9,4.56,50,0.63,0.99,0.0007492,23.3825,0.075,0.475,2.11575,0.825,0.01525,0.537875,2.701525,18.81325,0.552025,0.981,17.558515,1.875,-1.45357527,0.38422878,-10.88775,-0.18325,0.055,-3.47625,4,6,10,17.5,0.36,0.516587141,2.08
MDPs_112,MDPs,9.045318024,0.008970588,1.303088235,0.495,-0.193235294,1.331911765,3.938124807,7441.77314,21,8,29.412,48.529,30.882,50,11.765,-0.448235294,-0.364264706,0.205735294,0.114705882,-0.253661765,-0.230647059,0.321676471,0.023308824,0.087294118,30,104.05,40,0.77,1,0.000464408,22.12205882,0,0.382352941,2.22367647,1.13235294,-0.06867647,0.63733824,2.77652941,19.55073529,0.62741176,1.04397059,18.87741471,1.79411765,-0.11213285,0.37622232,-4.00455882,-0.58867647,-0.201470588,-4.161029412,2,14,2.941,32.353,0.15,0.600360162,1.097058824
MDPs_114,MDPs,9.350196516,-0.1496,1.061866667,0.3712,-0.381466667,1.018933333,7.687684515,7957.10324,11,5,45.333,64,14.667,45.333,6.667,0.099733333,-0.06,-0.0668,0.2484,-0.327373333,-0.501346667,0.108573333,-0.033733333,0.129226667,30,0,20,0.69,1.04,0.000859737,55.53466667,0.04,0.306666667,2.13386667,1,-0.1548,0.52581333,2.60978667,19.2548,0.65658667,0.94293333,17.227692,1.81333333,-0.76278406,0.37294145,-10.3528,0.12146667,-0.125333333,-4.5868,5,15,6.667,26.667,0.2,0.628657622,1.444
MDPs_115,MDPs,8.782381131,0.032978723,1.331489362,0.525106383,-0.35,1.295319149,5.50166542,5288.18974,8,3,42.553,61.702,17.021,48.936,6.383,0.203404255,-0.152978723,-0.170212766,0.228297872,-0.142680851,-0.317255319,-0.117595745,-0.044,0.257319149,30,0,40,0.99,1.12,0.000898608,34.95319149,0.063829787,0.340425532,2.00723404,1.06382979,-0.18489362,0.61534043,2.42561702,19.55148936,0.61604255,0.96659574,20.06521277,2.14893617,-1.22605769,0.45122092,-5.3493617,0.61808511,-0.176595745,-4.992978723,3,9,6.383,25.532,0.15,0.696973793,1.565957447
MDPs_116,MDPs,7.755880066,-0.029772727,1.115909091,0.559090909,-0.413409091,0.988863636,0.718895756,4790.34714,7,4,45.455,65.909,15.909,43.182,9.091,0.370454545,-0.270227273,-0.280227273,0.143863636,-0.238318182,-0.403204545,0.017295455,-0.413522727,-0.034340909,21,146.7,80,1,0.96,0.0000217,32.42045455,0.113636364,0.318181818,2.26181818,1,-0.23295455,0.54222727,2.81854545,19.26295455,0.58990909,0.95772727,18.05975,1.95454545,-0.72879092,0.40987645,-5.47909091,0.42659091,-0.05,-4.222727273,6,6,13.636,22.727,0.28,0.547665227,1.990909091
MDPs_117,MDPs,8.389697025,0.02275,0.9885,0.75025,-0.15875,1.0495,2.807245288,4080.68084,12,1,52.5,70,30,37.5,2.5,0.2755,-0.1855,-0.0465,0.242,-0.05565,-0.5488,0.20925,-0.3237,0.046975,16,4.12,60,0.47,0.96,0.000526139,16.605,0.025,0.45,2.16575,0.775,0.039,0.534,2.753,19.195,0.54475,0.99125,17.3704225,1.8,-2.07719734,0.37002116,-10.82,-0.0575,0.07,-3.34075,3,6,7.5,17.5,0.27,0.532568977,1.895
MDPs_121,MDPs,10.38754077,0.154615385,1.428717949,0.665384615,-0.214102564,1.45974359,8.624240348,4480.43074,7,1,41.026,46.154,17.949,43.59,2.564,-0.053333333,0.085897436,-0.241282051,0.286666667,0.037102564,-0.156717949,0.104307692,-0.111179487,0.417564103,16,57.85,50,0.91,1.04,0.001799166,36.92333333,0.128205128,0.435897436,1.96128205,1.15384615,0.12153846,0.61435897,2.39810256,20.21179487,0.58220513,1.00512821,19.11187179,2.1025641,-1.12636851,0.47433787,-5.24512821,-0.29179487,-0.153846154,-4.676666667,5,10,12.821,28.205,0.29,0.541361385,2.187179487
MDPs_122,MDPs,8.389697025,0.00225,0.96925,0.729,-0.2335,1.03125,2.807245288,4066.65394,11,1,52.5,70,27.5,37.5,2.5,0.2695,-0.2025,-0.0885,0.2465,-0.06595,-0.564975,0.2053,-0.35315,0.033325,16,0,60,0.47,0.94,0.000527953,14.4825,0.025,0.425,2.18525,0.775,0.011,0.522925,2.78775,19.32625,0.5635,0.973,17.0701725,1.775,-2.18300809,0.36747002,-11.16975,-0.089,0.07,-3.3295,3,6,7.5,17.5,0.27,0.532568977,1.9325
MDPs_136,MDPs,8.632680327,0.20212766,1.410212766,0.754255319,-0.985531915,1.396808511,3.717067781,5381.46344,5,2,34.043,48.936,10.638,29.787,4.255,0.248297872,0.224255319,-0.342340426,0.099361702,0.116382979,-0.212212766,-0.141106383,0.039574468,0.12693617,16,18.5,70,0.5,1.05,0.000577167,54.26808511,0.127659574,0.446808511,2.02595745,1.04255319,0.24659574,0.59702128,2.61993617,20.98085106,0.5522766,0.97,18.44292128,1.85106383,-1.08356594,0.45191129,-6.2906383,-0.48553191,0.038297872,-3.881702128,7,7,14.894,19.149,0.28,0.728099372,2.631914894
MDPs_140,MDPs,8.393485689,0.09627907,1.12744186,0.798837209,-0.02744186,1.165581395,2.809575791,4466.23074,15,2,48.837,60.465,34.884,34.884,4.651,0.164186047,-0.132325581,0.002093023,0.182093023,0.004465116,-0.449906977,0.29744186,-0.212465116,0.052488372,27,0,60,0.47,0.95,0.000481168,30.23488372,0.046511628,0.534883721,2.14325581,0.8372093,0.18116279,0.56634884,2.74330233,19.18813953,0.50190698,1.06302326,17.56514419,1.76744186,-1.13068262,0.38550626,-8.96860465,-0.42930233,0.069767442,-3.02627907,4,7,9.302,20.93,0.24,0.513592238,2.030232558
MDPs_141,MDPs,9.214861836,0.34015625,1.56453125,0.9171875,-0.3828125,1.543125,5.807386804,7335.88494,18,2,28.125,45.312,28.125,32.812,3.125,-0.0653125,0.028125,-0.03390625,0.08234375,0.080609375,-0.035109375,0.22503125,0.09509375,0.20359375,14,1321.52,50,0.62,1.06,0.000701624,62.7953125,0.125,0.5,1.989375,1.140625,0.3521875,0.67567187,2.69932813,20.80609375,0.53323438,1.00140625,19.36988438,1.828125,-0.70171541,0.44666632,-4.8078125,-1.185,0.0625,-3.2965625,10,10,15.625,18.75,0.22,0.699615839,3.159375
MDPs_168,MDPs,8.119090708,-0.018,0.991,0.71375,-0.27525,1.01325,1.716782681,4078.61874,11,2,52.5,72.5,27.5,37.5,5,0.3745,-0.31925,-0.085,0.19675,-0.151825,-0.56595,0.174425,-0.352,0.04045,28,0.71,60,0.47,0.97,0.000271171,24.6075,0.05,0.45,2.1965,0.8,-0.04175,0.522925,2.7948,19.0515,0.5708,0.9805,17.3146025,1.775,-1.44795471,0.36799318,-10.1215,0.0455,0.0575,-3.438,3,5,7.5,17.5,0.3,0.577415971,1.9375
MDPs_182,MDPs,8.385585867,-0.00075,1.032,0.6945,-0.221,1.05325,2.716487647,4078.66214,11,2,52.5,72.5,27.5,37.5,5,0.34825,-0.2485,-0.09375,0.23125,-0.1645,-0.557725,0.194125,-0.355225,0.05925,28,0.71,60,0.53,0.97,0.000516102,19.7925,0.05,0.45,2.17725,0.825,-0.0515,0.52465,2.7572,19.0665,0.5687,0.9795,17.28977,1.8,-1.35977629,0.3703621,-10.24325,0.034,0.03,-3.4415,3,6,7.5,20,0.3,0.577415971,1.8525
MDPs_184,MDPs,9.251859556,0.094857143,1.271428571,0.724857143,-0.343714286,1.300857143,5.62701278,3912.69894,7,1,42.857,54.286,20,42.857,2.857,-0.023714286,-0.116857143,-0.268,0.228285714,-0.071314286,-0.298342857,0.067485714,-0.107714286,0.392314286,6,67.37,50,0.67,1.03,0.001294506,47.20571429,0.085714286,0.457142857,2.02285714,1.02857143,0.07914286,0.61642857,2.50117143,19.71257143,0.5666,1.00828571,19.03203143,1.97142857,-0.7796425,0.45643747,-6.46571429,-0.40057143,-0.068571429,-4.288,3,7,8.571,22.857,0.35,0.463486056,2.282857143
MDPs_187,MDPs,10.115491,0.044411765,1.204705882,0.66,-0.120588235,1.087352941,9.500136155,3781.52564,5,0,58.824,58.824,14.706,38.235,0,0.296176471,0.463235294,-0.537941176,0.436764706,-0.074970588,-0.456705882,-0.163823529,-0.383558824,0.503029412,21,0,80,1.22,1.02,0.002314942,26.43235294,0.117647059,0.441176471,2.00117647,0.91176471,-0.10264706,0.51435294,2.23691176,18.15352941,0.55132353,1.01647059,17.6902,2.23529412,-1.46271211,0.48746905,-8.61117647,0.73647059,-0.15,-5.204411765,4,10,11.765,29.412,0.19,0.501067793,1.791176471
MDPs_194,MDPs,8.389697025,0.0915,1.086,0.8555,-0.35675,1.13325,2.807245288,4141.80744,11,1,50,65,27.5,35,2.5,0.149,-0.18575,-0.2155,0.21175,-0.0367,-0.482675,0.17485,-0.3525,0.128475,15,9.06,60,0.51,0.95,0.000518374,16.9975,0.05,0.45,2.201,0.825,0.0195,0.5485,2.87075,19.34525,0.5635,0.96875,17.331615,1.775,-1.68725196,0.38658594,-10.18275,-0.55175,0.1025,-3.101,4,6,10,17.5,0.28,0.543543501,2.2225
MDPs_195,MDPs,8.621557507,0.192352941,1.306764706,0.902941176,0.055588235,1.389705882,3.71696256,4003.80874,10,2,32.353,41.176,29.412,44.118,5.882,-0.277941176,-0.164117647,-0.270882353,0.127941176,-0.046088235,-0.112441176,0.0445,-0.154911765,0.4555,17,4.97,60,0.99,1.02,0.000775014,36.52941176,0.058823529,0.470588235,2.15264706,1.08823529,0.16764706,0.66755882,2.56367647,19.33735294,0.54161765,1.08264706,20.17377353,2.17647059,-2.07980568,0.49610655,-0.77176471,-0.20235294,-0.088235294,-4.964705882,3,7,8.824,26.471,0.15,0.526451347,2.655882353
MDPs_196,MDPs,8.82869451,-0.002702703,1.198648649,0.48027027,-0.355675676,1.258918919,4.802518668,4174.74924,1,0,45.946,51.351,2.703,40.541,0,0.358378378,0.036756757,-0.527297297,0.233783784,-0.059918919,-0.290648649,-0.201189189,-0.383243243,0.136378378,30,0,30,1.33,1.01,0.00099096,11.18378378,0.189189189,0.243243243,2.20324324,1.02702703,-0.29594595,0.53045946,2.73078378,19.01,0.60240541,0.92216216,17.94367297,2.24324324,-2.57884059,0.45436925,-7.14918919,0.54891892,-0.137837838,-4.23972973,9,7,24.324,18.919,0.17,0.411620539,2.127027027
MDPs_200,MDPs,8.398833435,-0.014318182,1.191136364,0.562272727,-0.479772727,1.225681818,3.59146375,4974.66494,4,3,43.182,54.545,9.091,45.455,6.818,0.349545455,-0.203409091,-0.407954545,0.193181818,-0.100181818,-0.338136364,-0.184590909,-0.325545455,0.180522727,30,9.78,30,1.05,1.03,0.000561043,65.15227273,0.113636364,0.295454545,2.17454545,1.04545455,-0.24272727,0.54311364,2.62652273,19.64886364,0.64765909,0.94613636,18.68043182,2.18181818,-2.31035962,0.45800825,-4.53704545,0.86568182,-0.131818182,-5.134090909,6,8,13.636,25,0.23,0.360375169,2.056818182
MDPs_201,MDPs,8.389697025,-0.0155,0.9375,0.72575,-0.1905,0.9995,2.807245288,3995.57524,11,1,55,72.5,27.5,35,2.5,0.25675,-0.1945,-0.14525,0.25925,-0.11725,-0.615175,0.25325,-0.368375,0.035075,10,0,60,0.47,0.93,0.000537345,14.4825,0.025,0.425,2.20375,0.75,0.0055,0.510275,2.831275,19.10825,0.564525,0.963,16.515645,1.725,-2.04799269,0.35739478,-12.67675,-0.2815,0.0875,-3.03175,3,6,7.5,17.5,0.3,0.532568977,2.0075
MDPs_202,MDPs,8.38651667,0.018823529,1.204117647,0.55254902,-0.035098039,1.170392157,2.718829328,5525.41184,13,5,41.176,58.824,25.49,45.098,9.804,0.110196078,-0.268431373,-0.03,0.134509804,-0.169313725,-0.328568627,0.241490196,-0.226803922,0.031098039,30,0,50,0.74,0.97,0.00038115,26.94313725,0.078431373,0.431372549,2.20490196,1.05882353,0.02352941,0.5912549,2.74019608,19.65235294,0.54980392,1.04176471,18.5382,1.88235294,-0.33229883,0.40305574,-4.59098039,-0.1145098,-0.08627451,-3.849803922,5,9,9.804,27.451,0.2,0.436960692,1.762745098
MDPs_203,MDPs,8.635975708,0.096976744,1.148837209,0.810465116,-0.22,1.169767442,3.717043028,4508.36764,15,2,44.186,60.465,34.884,39.535,4.651,-0.014418605,-0.234883721,0.007906977,0.194186047,-0.08255814,-0.422325581,0.23244186,-0.23672093,0.169,30,9.77,50,0.52,0.98,0.000688942,57.79069767,0,0.511627907,2.19023256,0.86046512,0.12139535,0.58832558,2.77160465,19.21,0.55230233,1.05,18.25428605,1.79069767,-1.19975469,0.38837701,-7.27209302,-0.50883721,0.013953488,-3.41372093,1,7,2.326,20.93,0.27,0.424968783,1.804651163
MDPs_204,MDPs,9.183114515,-0.006578947,1.094736842,0.627105263,-0.412105263,1.134736842,5.805941767,4199.81184,4,0,50,55.263,10.526,39.474,0,0.201315789,0.147631579,-0.382894737,0.273421053,-0.005736842,-0.387868421,-0.0845,-0.280578947,0.259447368,17,1.36,90,0.83,0.99,0.001225058,82.19473684,0.131578947,0.342105263,2.11289474,0.94736842,-0.10657895,0.51973684,2.58339474,19.23289474,0.59313158,0.94184211,17.36502105,2.02631579,-2.1277747,0.43485094,-9.54868421,0.20842105,-0.047368421,-4.602105263,7,8,18.421,21.053,0.26,0.790838771,2.039473684
MDPs_206,MDPs,8.374565992,0.024035088,1.297894737,0.567192982,-0.532982456,1.328421053,2.720847447,6419.36624,10,5,35.088,52.632,17.544,45.614,8.772,-0.042280702,-0.360526316,-0.142280702,0.107719298,-0.184877193,-0.227122807,0.058473684,-0.071052632,0.139929825,30,49.36,50,0.85,1.04,0.000327449,58.95982456,0.105263158,0.333333333,2.13947368,1.12280702,-0.17964912,0.61107018,2.70678947,19.70666667,0.63152632,0.96280702,19.01504386,1.94736842,-0.54867695,0.42019462,-4.89807018,-0.13105263,-0.133333333,-4.474561404,7,9,12.281,24.561,0.23,0.441792373,1.89122807
MPPs_16,MPPs,7.775624588,0.0345,1.28625,0.4475,-0.3265,1.20375,0.807042349,4380.96264,4,4,42.5,60,10,37.5,10,0.68525,0.01,-0.34125,0.1355,-0.144225,-0.383075,-0.1081,-0.363475,-0.186825,29,1.44,50,1.12,0.98,0.0000324,16.63,0.15,0.325,2.24675,1.05,-0.235,0.52375,2.808475,19.59425,0.563475,0.97275,17.849035,2.075,-1.17650814,0.4260522,-4.8195,0.881,-0.0825,-3.76425,8,7,20,27.5,0.3,0.358296892,1.9575
MPPs_18,MPPs,11.70622229,-0.089130435,1.144782609,0.297826087,0.153913043,1.156521739,7.965230667,2757.33554,4,1,26.087,39.13,17.391,65.217,4.348,-0.869565217,0.436956522,-0.003478261,0.428695652,-0.510478261,-0.135913043,0.021521739,-0.177652174,0.659956522,30,0,40,1.34,0.98,0.002800183,38.80869565,0,0.304347826,2.20695652,1.30434783,-0.24,0.61426087,2.18826087,18.17391304,0.61217391,1.07869565,19.36835652,2.30434783,-0.76057828,0.45267279,-0.80565217,0.50913043,-0.526086957,-7.402608696,1,10,4.348,47.826,0.31,0.660484129,0.256521739
MPPs_25,MPPs,8.882391561,-0.104594595,1.035945946,0.421351351,-0.234054054,0.998108108,4.718554857,4319.96744,3,2,43.243,56.757,8.108,62.162,5.405,0.091081081,-0.108918919,-0.34,0.247297297,-0.299837838,-0.302567568,-0.218324324,-0.228486486,0.388189189,30,1.74,30,1.06,1.07,0.00095024,59.45945946,0.081081081,0.297297297,2.19351351,1.16216216,-0.19135135,0.60445946,2.45267568,18.98864865,0.56294595,1.0227027,20.6535,2.35135135,-0.62519608,0.46826088,-1.79972973,0.81675676,-0.221621622,-6.074864865,4,8,10.811,27.027,0.22,0.544190773,1.372972973
MPPs_26,MPPs,7.775624588,0.01075,1.26525,0.42875,-0.3975,1.182,0.807042349,4407.98824,3,4,40,57.5,7.5,37.5,10,0.6145,-0.00575,-0.3835,0.11625,-0.16415,-0.373375,-0.137975,-0.3948,-0.18865,30,0.73,50,1.15,0.96,0.0000322,13.8225,0.15,0.3,2.289,1.05,-0.272,0.5195,2.84715,19.583,0.58015,0.96575,17.589175,2.05,-1.34821241,0.42991418,-4.3785,0.86625,-0.0975,-3.861,8,7,20,27.5,0.27,0.358296892,2.005
MPPs_27,MPPs,8.443610771,-0.050175439,0.990175439,0.661929825,-0.411929825,1.054035088,5.436529195,6093.04214,9,1,52.632,71.93,15.789,45.614,1.754,0.332982456,-0.146491228,-0.29245614,0.245964912,-0.099017544,-0.572982456,-0.164,-0.101877193,0.309192982,30,1.86,60,0.4,1.08,0.000693578,50.52982456,0.01754386,0.385964912,2.04649123,0.84210526,-0.07333333,0.56815789,2.49010526,19.41701754,0.57957895,0.94789474,19.00014035,1.98245614,-2.04853137,0.4282426,-10.10333333,0.43508772,0.019298246,-4.565087719,3,9,5.263,17.544,0.19,0.686933024,1.894736842
MPPs_34,MPPs,9.241820647,0.08725,1.2375,0.656,0.13375,1.16275,5.807653773,4275.05004,12,2,47.5,62.5,30,37.5,5,0.13375,0.258,-0.06275,0.27175,-0.139525,-0.4304,0.115175,-0.178325,0.1801,30,0,50,0.86,1,0.001204199,49.3,0.05,0.475,2.0975,0.925,-0.0265,0.566375,2.522075,18.47975,0.516575,1.043,17.8928325,1.95,-0.92204777,0.41212086,-8.3555,0.19275,-0.0725,-4.00175,4,10,10,30,0.29,0.543684686,1.505
MPPs_38,MPPs,8.641129543,0.1405,1.2125,0.81425,-0.1585,1.14325,3.808535564,4277.04034,12,2,47.5,62.5,30,32.5,5,0.2015,0.2095,-0.13575,0.218,-0.024375,-0.43055,0.102825,-0.182825,0.137725,7,0,80,0.64,0.99,0.000736259,70.13,0.05,0.5,2.09975,0.875,0.1185,0.56185,2.611225,19.14075,0.513475,1.02575,17.6858575,1.85,-1.22180476,0.41145662,-8.739,-0.10725,0.05,-3.7545,4,8,10,25,0.29,0.511419256,2.0125
MPPs_40,MPPs,7.204225873,-0.033809524,1.143333333,0.528809524,-0.486904762,1.125714286,-0.192382073,4344.83044,5,2,57.143,66.667,11.905,28.571,4.762,0.64952381,-0.106190476,-0.338571429,0.158333333,0.058238095,-0.532857143,0.067761905,-0.142595238,-0.206380952,17,0,50,0.77,1,-0.000197016,26.5047619,0.142857143,0.30952381,2.09380952,0.83333333,-0.07166667,0.49371429,2.83342857,19.76666667,0.59319048,0.8997619,16.3008381,1.78571429,-1.86567753,0.38241913,-13.71738095,0.00809524,0.088095238,-2.727619048,8,4,19.048,14.286,0.32,0.35479471,2.35
MPPs_96,MPPs,8.375953037,0.02975,1.29475,0.45425,-0.26925,1.21575,2.806300831,4389.01374,4,3,40,57.5,10,37.5,7.5,0.45375,0.02325,-0.3705,0.16475,-0.221825,-0.35785,-0.0768,-0.39845,-0.0831,30,0.72,50,1.24,0.96,0.000487809,21.6875,0.15,0.3,2.2645,1.05,-0.326,0.532325,2.82435,19.118,0.58535,0.9565,17.4907325,2.05,-1.24914948,0.43083706,-5.421,0.63225,-0.1225,-3.7385,8,8,20,27.5,0.26,0.358296892,2.035
MPPs_115,MPPs,12.51326416,0.250357143,1.426785714,0.822857143,0.224642857,1.404285714,8.177491717,3540.23014,8,0,17.857,28.571,28.571,50,0,-1.323214286,0.472142857,-0.072857143,0.270714286,-0.266428571,0.3065,0.294107143,-0.137714286,0.763535714,15,261.62,50,1.54,0.96,0.002278974,-5.325,0.142857143,0.321428571,2.16071429,1.42857143,0.03357143,0.70539286,2.47739286,18.6875,0.57882143,0.99678571,19.52356071,2.17857143,-0.96684041,0.47254039,-1.02821429,-1.31607143,-0.296428571,-6.433571429,6,10,21.429,35.714,0.27,0.625945922,2.1
MPPs_296,MPPs,10.56996725,0.036597938,1.303195876,0.454020619,0.033814433,1.215876289,9.331941989,11178.82314,24,8,30.928,44.33,24.742,49.485,8.247,-0.347216495,0.022989691,0.150103093,0.142886598,-0.188164948,-0.051391753,0.300762887,-0.076701031,0.076597938,30,384.41,30,1.15,0.97,0.000794545,41.80309278,0.12371134,0.329896907,2.19340206,1.24742268,-0.01381443,0.62183505,2.67257732,19.38020619,0.56484536,1.0343299,18.7722866,1.96907216,-0.074616,0.40144374,-3.02690722,-0.33958763,-0.212371134,-4.822371134,17,22,17.526,30.928,0.2,0.558372675,1.435051546
MPPs_297,MPPs,11.00974139,0.019263158,1.282631579,0.466315789,-0.089473684,1.183684211,10.24202027,11037.65654,21,7,29.474,46.316,22.105,50.526,7.368,-0.418,0.003578947,0.104947368,0.140210526,-0.266421053,-0.048957895,0.252842105,-0.041357895,0.173726316,30,374.84,20,1.09,0.99,0.000891774,49.87894737,0.126315789,0.315789474,2.17736842,1.26315789,-0.05410526,0.63151579,2.64303158,19.30010526,0.58155789,1.00821053,18.93107895,1.94736842,0.18941236,0.40645984,-3.33168421,-0.44336842,-0.212631579,-5.082315789,16,21,16.842,29.474,0.2,0.751301026,1.56
MPPs_298,MPPs,10.56996725,0.057368421,1.329578947,0.468,0.055052632,1.240421053,9.331941989,10993.64054,24,8,30.526,44.211,25.263,49.474,8.421,-0.343157895,0.046210526,0.150315789,0.144736842,-0.180705263,-0.034578947,0.298947368,-0.066157895,0.086010526,30,369.1,30,1.16,0.98,0.000807929,44.16,0.126315789,0.336842105,2.17936842,1.26315789,-0.00263158,0.62855789,2.65366316,19.42915789,0.55787368,1.03684211,18.94666211,1.98947368,-0.01958789,0.40562328,-2.73936842,-0.33347368,-0.212631579,-4.850315789,17,22,17.895,31.579,0.21,0.558372675,1.454736842
MPPs_299,MPPs,10.57159548,-0.013061224,1.251938776,0.481326531,-0.103367347,1.108061224,8.97051973,11052.70004,27,7,34.694,46.939,27.551,45.918,7.143,-0.457142857,-0.175510204,0.11622449,0.125918367,-0.281306122,-0.10705102,0.37055102,-0.091479592,0.109979592,30,155.3,30,1.21,0.96,0.000788593,35.77040816,0.12244898,0.346938776,2.21867347,1.14285714,-0.04214286,0.61927551,2.75789796,18.55336735,0.58034694,1.04,18.19667449,1.83673469,0.58849253,0.38615479,-4.81112245,-0.80214286,-0.201020408,-4.283673469,13,17,13.265,24.49,0.14,0.75856699,1.523469388
MPPs_300,MPPs,10.91639906,-0.015773196,1.252164948,0.41628866,0.028041237,1.152371134,10.14904765,11146.81604,23,6,36.082,46.392,23.711,51.546,6.186,-0.423298969,-0.056804124,0.134226804,0.151546392,-0.162587629,-0.063752577,0.322484536,0.017979381,0.147412371,17,262.58,30,1.13,1.01,0.000879273,39.84742268,0.12371134,0.319587629,2.14659794,1.21649485,0.05072165,0.63717526,2.63570103,19.27237113,0.56312371,1.03154639,19.06846907,1.94845361,0.15140836,0.39949241,-4.5757732,-0.65474227,-0.208247423,-4.708762887,15,19,15.464,25.773,0.15,0.560526118,1.373195876
MPPs_301,MPPs,9.638256741,0.289692308,1.615384615,0.740769231,-0.242307692,1.491076923,6.024134351,7831.20384,14,5,24.615,40,21.538,36.923,7.692,-0.193538462,0.214769231,-0.169692308,0.077230769,-0.067907692,0.102153846,0.114138462,-0.051830769,0.163646154,16,307.73,80,1.27,1.01,0.000701175,55.98769231,0.2,0.384615385,2.08769231,1.30769231,0.04230769,0.66607692,2.65315385,19.91738462,0.53330769,0.99815385,19.37289692,2.04615385,-0.03937033,0.46931578,-1.40461538,-0.568,-0.112307692,-4.446769231,16,14,24.615,29.231,0.27,0.410154272,2.621538462
MPPs_302,MPPs,10.76710075,0.023368421,1.305578947,0.470526316,-0.101052632,1.212210526,9.150998975,11106.71634,21,8,29.474,44.211,22.105,49.474,8.421,-0.392526316,-0.042105263,0.103789474,0.123368421,-0.213063158,-0.020210526,0.279010526,-0.030736842,0.147736842,21,300.78,30,1.12,0.99,0.000792321,66.83368421,0.136842105,0.315789474,2.15778947,1.27368421,-0.00284211,0.62869474,2.62777895,19.58673684,0.59209474,1.00978947,18.87034421,1.94736842,-0.02594063,0.41144703,-2.96957895,-0.41978947,-0.213684211,-5.157157895,16,20,16.842,29.474,0.22,0.653862559,1.693684211
MPPs_303,MPPs,8.734982843,0.03989899,1.297979798,0.546161616,-0.144444444,1.258787879,2.1548575,10962.56424,32,10,33.333,52.525,32.323,45.455,10.101,-0.363232323,-0.31,0.238787879,0.083232323,-0.188171717,-0.146969697,0.399141414,0.06869697,0.010414141,30,266.82,20,0.88,1.01,0.000164379,38.56666667,0.070707071,0.363636364,2.15272727,1.13131313,0.01888889,0.64238384,2.76689899,19.48292929,0.58710101,1.01494949,18.8245404,1.77777778,0.07116099,0.36737466,-5.66939394,-0.78616162,-0.129292929,-4.002020202,10,15,10.101,25.253,0.19,0.582561309,1.486868687
MPPs_304,MPPs,8.744663348,0.044875,1.3555,0.559,-0.196625,1.22825,2.064823577,9419.67244,21,10,26.25,47.5,26.25,50,12.5,-0.433,-0.241625,0.100375,0.04325,-0.3163625,-0.0168375,0.22605,0.051125,0.169725,18,18.37,40,1.13,1.04,0.000187057,39.22375,0.1125,0.3125,2.171875,1.2875,-0.10725,0.660625,2.6740375,19.314625,0.6171625,0.9985,19.63307,1.9375,0.43106014,0.41461615,-1.726875,-0.380625,-0.19125,-5.351125,11,14,13.75,30,0.12,0.757485993,1.8025
MPPs_305,MPPs,5.81846668,0.049382716,1.301728395,0.607160494,-0.159753086,1.230617284,-1.023931579,9260.62114,26,11,27.16,48.148,32.099,45.679,13.58,-0.447037037,-0.408148148,0.174197531,-0.01308642,-0.235888889,-0.068283951,0.391037037,0.057296296,0.050641975,22,5.27,20,0.84,0.98,-0.000137789,44.07777778,0.086419753,0.395061728,2.19592593,1.19753086,0.09851852,0.66550617,2.77,19.7082716,0.57716049,1.04567901,19.14755926,1.75308642,0.49241374,0.39355226,-2.40901235,-0.84851852,-0.122222222,-4.429382716,8,11,9.877,27.16,0.12,0.65292583,1.930864198
MPPs_306,MPPs,8.746304599,-0.015306122,1.157653061,0.588469388,-0.315408163,1.045714286,1.971991224,10862.29664,28,8,37.755,52.041,28.571,42.857,8.163,-0.368673469,-0.338469388,0.094897959,0.075102041,-0.167469388,-0.165744898,0.403795918,-0.101602041,0.015010204,16,34.87,30,0.94,0.95,0.000158347,29.70714286,0.102040816,0.346938776,2.22520408,1.06122449,0.07418367,0.60626531,2.85531633,19.31836735,0.59184694,1.00642857,17.89572143,1.70408163,-0.03062652,0.36852498,-6.22673469,-0.99846939,-0.079591837,-4.026530612,11,11,11.224,19.388,0.16,0.576066282,1.829591837
MPPs_307,MPPs,4.708908928,0.068210526,1.331368421,0.601473684,-0.313578947,1.306,-2.117156684,10542.04294,30,12,30.526,55.789,31.579,43.158,12.632,-0.260526316,-0.525473684,0.212842105,-0.006631579,-0.190526316,-0.115305263,0.420094737,0.022557895,-0.038936842,6,1003.98,20,0.67,0.99,-0.000220168,24.69684211,0.105263158,0.410526316,2.15684211,1.15789474,0.06621053,0.65627368,2.82811579,20.08010526,0.57895789,1.00694737,19.03576,1.68421053,0.60728086,0.36997042,-4.29021053,-0.94673684,-0.088421053,-3.729473684,10,10,10.526,23.158,0.16,0.759098622,1.835789474
MPPs_308,MPPs,8.780762435,0.038947368,1.250526316,0.627368421,-0.360210526,1.182526316,1.883085862,10588.14244,30,10,32.632,55.789,31.579,45.263,10.526,-0.426,-0.413789474,0.167368421,0.051157895,-0.241336842,-0.137663158,0.377042105,-0.024484211,0.092189474,30,37.71,20,0.74,0.98,0.000158764,28.88,0.084210526,0.4,2.18221053,1.12631579,0.03557895,0.64886316,2.78511579,19.51810526,0.58332632,1.01052632,18.91932211,1.70526316,0.68024251,0.37159652,-4.74147368,-1.01073684,-0.107368421,-4.181684211,8,12,8.421,23.158,0.16,0.771543521,1.616842105
MPPs_312,MPPs,10.0858546,0.063301887,1.344056604,0.526226415,0.124811321,1.422358491,7.029653638,11357.54074,41,9,32.075,50,38.679,41.509,8.491,-0.423396226,-0.286886792,0.404245283,0.126226415,-0.124358491,-0.207018868,0.578716981,0.255415094,0.005537736,30,1417.34,30,0.66,1.02,0.000571871,28.65943396,0.009433962,0.433962264,2.05028302,1.06603774,0.22613208,0.65304717,2.67386792,19.88056604,0.58056604,1.05245283,18.34869623,1.66981132,-0.65608253,0.3565075,-8.02622642,-1.06330189,-0.129245283,-3.266698113,4,19,3.774,26.415,0.18,0.728310958,1.611320755
MPPs_314,MPPs,10.46229457,0.085285714,1.375857143,0.579428571,-0.225142857,1.218428571,7.06038735,7933.21614,19,5,34.286,47.143,27.143,41.429,7.143,-0.458142857,0.007428571,0.007285714,0.165142857,-0.226728571,-0.096657143,0.322814286,-0.046928571,0.1326,30,79.57,40,1.29,0.98,0.000851996,29.61857143,0.114285714,0.328571429,2.15814286,1.15714286,-0.06342857,0.62301429,2.73514286,18.865,0.594,0.99714286,18.09741714,1.85714286,0.30699909,0.39750092,-5.94842857,-0.89685714,-0.164285714,-4.216285714,10,14,14.286,27.143,0.2,0.52347697,1.722857143
PAPs_5,PAPs,6.49789896,-0.070306122,1.21255102,0.39244898,-0.175204082,1.191020408,-1.873775559,10670.04294,26,12,33.673,55.102,26.531,46.939,12.245,-0.13755102,-0.373163265,0.223367347,0.053673469,-0.276530612,-0.278591837,0.300295918,0.123928571,-0.10194898,30,675.03,20,0.78,1.02,-0.000230648,54.26530612,0.051020408,0.326530612,2.1872449,1.10204082,-0.08816327,0.61171429,2.78163265,19.41132653,0.60795918,1.01132653,18.48244796,1.76530612,-0.02255858,0.35924461,-6.18255102,-0.26938776,-0.13877551,-4.025306122,9,14,9.184,26.531,0.13,0.600445206,1.380612245
PAPs_32,PAPs,6.47832905,0.038229167,1.227291667,0.610729167,-0.4328125,1.2203125,-1.186083642,10551.08714,23,12,34.375,52.083,23.958,40.625,12.5,-0.081666667,-0.3875,-0.0884375,0.0546875,-0.193322917,-0.2304375,0.276885417,-0.225614583,-0.04965625,30,36.56,40,0.83,0.94,-0.000176191,25.175,0.09375,0.375,2.3003125,1.10416667,0.00458333,0.5845625,2.9470625,19.93197917,0.60414583,1.0028125,17.92679375,1.79166667,-0.38149919,0.38304334,-4.13447917,-0.58270833,-0.071875,-3.829375,11,13,11.458,26.042,0.18,0.532586789,1.977083333
PAPs_37,PAPs,6.764469667,0.027078652,1.19247191,0.557640449,-0.28752809,1.181348315,-0.90848303,9820.26034,27,6,33.708,50.562,30.337,44.944,6.742,-0.119213483,-0.361910112,0.287640449,0.033033708,-0.057573034,-0.179460674,0.323977528,0.08358427,-0.101955056,30,112.16,20,0.65,1.01,-0.00013737,33.59213483,0.06741573,0.404494382,2.16674157,1.03370787,0.19797753,0.6381573,2.81582022,19.80719101,0.53514607,1.05910112,19.1156764,1.76404494,-0.37648891,0.36769815,-5.17033708,-0.68,-0.046067416,-3.548314607,9,8,10.112,15.73,0.16,0.412435662,1.725842697
PAPs_43,PAPs,12.0418197,0.018205128,1.200512821,0.614230769,0.037948718,1.238076923,5.938834375,7955.28194,34,3,41.026,66.667,43.59,35.897,3.846,-0.305897436,-0.359487179,0.514871795,0.174230769,-0.306012821,-0.340346154,0.690320513,0.300038462,0.108423077,30,34.5,30,0.43,1.07,0.000733356,65.13846154,0.025641026,0.474358974,1.97435897,0.93589744,0.22038462,0.62338462,2.67275641,18.91807692,0.59134615,0.99384615,17.57502051,1.5,0.03127218,0.30496422,-13.75153846,-1.44025641,-0.026923077,-2.843846154,2,9,2.564,15.385,0.17,0.668992901,1.876923077
PAPs_48,PAPs,8.961227172,0.038888889,1.275555556,0.554646465,-0.244848485,1.287979798,6.503656354,10771.54064,27,6,39.394,56.566,27.273,38.384,6.061,-0.003535354,-0.252727273,0.121616162,0.129292929,-0.078343434,-0.253090909,0.297434343,0.04569697,0.017979798,30,1037.87,40,0.75,1.03,0.000533724,32.83242424,0.090909091,0.414141414,2.04040404,1,0.11646465,0.60852525,2.62749495,19.71343434,0.57153535,1.00838384,18.30843131,1.78787879,-0.82326418,0.38653167,-8.01565657,-0.46080808,-0.090909091,-3.629292929,9,13,9.091,19.192,0.17,0.614225402,1.895959596
PAPs_51,PAPs,8.509327257,0.1675,1.401388889,0.661666667,-0.184166667,1.4575,1.993650971,3956.62854,10,1,41.667,50,27.778,36.111,2.778,0.224166667,-0.015,0.131111111,0.144166667,0.137583333,-0.209805556,0.23375,0.213444444,0.009805556,14,1.2,50,0.67,1.1,0.000406156,40.84166667,0.111111111,0.444444444,1.95555556,1.02777778,0.25027778,0.61752778,2.64438889,20.08277778,0.53355556,1.01611111,18.92764722,1.91666667,-1.16783846,0.39822217,-8.88277778,-0.52611111,0.019444444,-3.128888889,6,5,16.667,16.667,0.31,0.431825097,2.211111111
PAPs_52,PAPs,3.664492496,-0.106122449,1.150510204,0.443367347,-0.176836735,1.170306122,-16.05234944,10512.43384,29,20,34.694,61.224,29.592,47.959,20.408,0.051632653,-0.891836735,0.173265306,-0.087653061,-0.357622449,-0.31144898,0.374214286,-0.001040816,-0.239806122,30,51.44,20,0.68,1.01,-0.001574052,54.66020408,0.06122449,0.336734694,2.32173469,1.13265306,-0.12326531,0.60696939,3.02013265,19.7355102,0.63390816,1.0072449,18.81356122,1.73469388,0.27799203,0.34221222,-3.82030612,-0.19908163,-0.079591837,-3.823979592,8,6,8.163,26.531,0.11,0.42670153,1.652040816
PAPs_55,PAPs,4.391914671,-0.226883117,1.018831169,0.192207792,-0.28961039,0.993896104,-4.03040309,7848.56814,17,11,41.558,68.831,22.078,48.052,14.286,0.204285714,-0.595974026,0.300909091,0.072857143,-0.346909091,-0.467441558,0.396519481,-0.119818182,-0.344051948,30,38.29,30,0.57,0.96,-0.000545198,26.12337662,0.051948052,0.298701299,2.29779221,1.02597403,-0.15545455,0.52849351,2.94584416,19.83350649,0.6461039,0.97272727,17.15604026,1.61038961,-0.03359379,0.29816081,-8.13090909,0.01415584,-0.137662338,-3.550649351,5,8,6.494,24.675,0.16,0.521947389,0.9
PAPs_64,PAPs,7.532812151,-0.027105263,1.321315789,0.443157895,-0.260657895,1.361315789,0.102286053,8559.97094,24,13,21.053,38.158,31.579,50,17.105,-0.762894737,-0.5775,0.236578947,0.014078947,-0.330552632,-0.081473684,0.495210526,0.062302632,0.003763158,30,291.61,40,0.93,0.94,0.00000327,40.72368421,0.026315789,0.342105263,2.30315789,1.25,-0.03592105,0.65160526,2.88346053,19.76263158,0.65951316,1.06039474,18.46906053,1.71052632,0.440277,0.36681537,-1.72736842,-1.015,-0.265789474,-4.411973684,3,14,3.947,35.526,0.21,0.642644346,1.253947368
PAPs_65,PAPs,7.203361742,0.080606061,1.37469697,0.551363636,-0.17030303,1.432121212,-0.191111545,7201.26144,17,6,36.364,59.091,25.758,42.424,9.091,0.191969697,-0.424090909,0.071969697,0.084393939,-0.174590909,-0.246848485,0.214984848,0.088954545,-0.018954545,10,3.25,30,0.82,1.1,-0.000119563,47.85757576,0.090909091,0.363636364,2.08075758,1.10606061,-0.05515152,0.63127273,2.76380303,19.85121212,0.59971212,0.97045455,19.43490303,1.93939394,-0.79091628,0.39140999,-6.47,-0.18606061,-0.072727273,-3.466515152,8,8,12.121,21.212,0.24,0.456717229,2.083333333
PAPs_67,PAPs,6.494407763,0.009264706,1.223823529,0.4925,-0.135588235,1.283970588,-0.999229493,7344.53204,20,9,33.824,54.412,29.412,45.588,13.235,-0.187794118,-0.456029412,0.118970588,0.070441176,-0.251088235,-0.253632353,0.4255,-0.010632353,-0.078338235,30,73.42,30,0.7,0.97,-0.000189666,35.56323529,0.044117647,0.397058824,2.24544118,1.13235294,0.08926471,0.62505882,2.88080882,19.95485294,0.56919118,1.04382353,18.64433529,1.77941176,0.113939,0.35967691,-4.92132353,-0.78220588,-0.111764706,-3.463529412,5,10,7.353,27.941,0.12,0.736379188,1.564705882
PAPs_69,PAPs,4.51500565,-0.007205882,1.296176471,0.461764706,-0.092352941,1.290294118,-2.246175243,7678.63384,17,8,33.824,58.824,25,45.588,11.765,0.104705882,-0.501470588,0.127794118,0.001176471,-0.31575,-0.163602941,0.214897059,0.160985294,0.019897059,30,23.45,20,0.89,1.11,-0.000343162,54.35588235,0.132352941,0.367647059,2.09911765,1.17647059,-0.02558824,0.64939706,2.67551471,19.32485294,0.57595588,1.00720588,19.92557206,1.95588235,0.19501452,0.39526424,-4.3575,-0.08647059,-0.133823529,-4.238088235,9,6,13.235,20.588,0.17,0.694725623,2.020588235
PAPs_70,PAPs,10.66392871,0.133676471,1.446176471,0.5775,0.050735294,1.4275,9.842685412,7982.47784,22,4,19.118,44.118,32.353,48.529,5.882,-0.460294118,-0.109852941,0.326470588,0.118823529,-0.277617647,0.014485294,0.245985294,0.118955882,0.264544118,30,16.25,30,1.03,1.06,0.001178717,24.51764706,0.073529412,0.411764706,2.04838235,1.22058824,0.01588235,0.69763235,2.45954412,19.21632353,0.56925,1.05794118,20.17362059,1.98529412,-0.49560016,0.43245598,-1.41044118,-0.20044118,-0.257352941,-5.022794118,6,15,8.824,27.941,0.13,0.630365518,1.838235294
PAPs_72,PAPs,4.950708994,-0.050655738,1.312786885,0.374098361,-0.189836066,1.273934426,-2.273855614,6787.66644,13,9,31.148,59.016,21.311,44.262,14.754,0.220491803,-0.39704918,0.092131148,0.007213115,-0.357721311,-0.300508197,0.105622951,0.188016393,-0.089114754,30,1.66,30,0.83,1.09,-0.000426364,37.49180328,0.081967213,0.344262295,2.09852459,1.13114754,-0.16639344,0.62057377,2.62147541,19.4447541,0.60377049,1.0047541,19.16018033,1.8852459,0.01678554,0.40282077,-4.59721311,0.46803279,-0.154098361,-4.355737705,6,8,9.836,27.869,0.19,0.481291527,1.883606557
PAPs_73,PAPs,10.24705662,0.043506494,1.337142857,0.556103896,-0.218051948,1.330779221,6.843419943,8800.26324,21,6,27.273,50.649,27.273,46.753,7.792,-0.423766234,-0.207922078,0.182467532,0.101558442,-0.260558442,-0.110376623,0.220857143,0.158532468,0.245701299,5,542.96,30,0.83,1.07,0.000728507,52.73116883,0.064935065,0.363636364,2.07857143,1.16883117,-0.01467532,0.65985714,2.57268831,19.47558442,0.62281818,0.99298701,19.38301948,1.85714286,-0.45926215,0.40421582,-4.81415584,-0.49857143,-0.187012987,-4.871428571,6,14,7.792,25.974,0.19,0.965808748,1.715584416
PAPs_74,PAPs,10.15909929,0.124929577,1.433239437,0.549859155,0.091690141,1.423802817,7.933193884,8328.77424,22,5,19.718,45.07,30.986,49.296,7.042,-0.338450704,-0.131971831,0.315633803,0.096197183,-0.273,0.007535211,0.219380282,0.099760563,0.195619718,30,16.38,30,1.04,1.07,0.000894376,19.31267606,0.084507042,0.394366197,2.07971831,1.23943662,-0.01084507,0.69002817,2.51090141,19.29746479,0.56456338,1.05323944,20.2938,2.02816901,-0.58730573,0.42909562,-0.98112676,-0.01915493,-0.243661972,-4.986197183,8,15,11.268,28.169,0.15,0.630365518,1.829577465
PAPs_77,PAPs,10.33295779,0.151940299,1.44358209,0.604179104,0.058656716,1.428955224,7.933892848,7835.25734,22,4,19.403,44.776,32.836,47.761,5.97,-0.373880597,-0.105223881,0.330597015,0.09641791,-0.246746269,0.00238806,0.22858209,0.124044776,0.213029851,30,16.26,60,0.98,1.07,0.000951094,16.33432836,0.074626866,0.417910448,2.06119403,1.20895522,0.02820896,0.69749254,2.50859701,19.28447761,0.5541194,1.05925373,20.2584403,1.98507463,-0.54952378,0.42973704,-1.41746269,-0.17074627,-0.214925373,-4.811641791,7,14,10.448,26.866,0.15,0.630365518,1.91641791
PAPs_78,PAPs,10.48120132,0.114285714,1.407571429,0.553857143,0.055571429,1.394,8.933597814,8107.56154,22,4,21.429,45.714,31.429,48.571,5.714,-0.371857143,-0.111,0.325,0.121714286,-0.265985714,-0.032714286,0.249414286,0.100885714,0.203085714,30,16.22,30,0.99,1.06,0.001042368,19.44571429,0.071428571,0.4,2.07414286,1.2,0.00228571,0.68197143,2.52212857,19.239,0.56727143,1.05114286,19.93792,1.97142857,-0.55003165,0.42060394,-2.204,-0.17514286,-0.228571429,-4.779571429,7,15,10,27.143,0.15,0.630365518,1.791428571
PAPs_79,PAPs,10.48120132,0.142428571,1.430428571,0.581571429,0.004285714,1.412,8.933597814,8151.67594,22,4,20,44.286,31.429,47.143,5.714,-0.381571429,-0.063428571,0.301428571,0.112428571,-0.246257143,-0.013342857,0.228057143,0.100485714,0.200271429,30,16.22,30,0.99,1.05,0.001036728,19.44571429,0.071428571,0.414285714,2.07928571,1.2,0.03871429,0.68727143,2.52648571,19.30942857,0.55477143,1.06042857,19.98887286,1.97142857,-0.52727408,0.42573981,-1.723,-0.23328571,-0.221428571,-4.728428571,7,15,10,27.143,0.14,0.630365518,1.835714286
PAPs_80,PAPs,4.901334253,-0.114285714,1.170892857,0.39,-0.35375,1.231607143,-1.367948934,6340.08584,9,8,33.929,55.357,16.071,50,14.286,0.085,-0.608214286,-0.066785714,0.039821429,-0.275625,-0.263821429,0.083946429,-0.03275,-0.001053571,30,13.55,30,0.89,1.04,-0.000305991,34.76785714,0.089285714,0.285714286,2.17178571,1.14285714,-0.18,0.59969643,2.64807143,19.91446429,0.6495,0.98125,19.18526071,1.98214286,-1.0190647,0.41431678,-3.29678571,0.51428571,-0.196428571,-5.100357143,5,7,8.929,26.786,0.19,0.504133966,1.814285714
PAPs_81,PAPs,10.08507446,0.109,1.365,0.594714286,-0.097285714,1.338857143,6.840772964,7957.36544,22,5,28.571,51.429,31.429,47.143,7.143,-0.270571429,-0.158571429,0.236,0.120714286,-0.216757143,-0.097085714,0.2305,0.028285714,0.190557143,30,144.4,30,0.88,1.06,0.000805423,48.44285714,0.071428571,0.428571429,2.112,1.15714286,0.04471429,0.6634,2.6009,19.34328571,0.5619,1.04571429,19.86848857,1.94285714,-0.2196945,0.40532061,-3.01128571,-0.35328571,-0.18,-4.525428571,6,13,8.571,25.714,0.19,0.668579996,1.548571429
PAPs_83,PAPs,4.889608349,0.006949153,1.354576271,0.459661017,-0.271694915,1.30559322,-2.337310419,6580.45464,12,8,32.203,61.017,20.339,40.678,13.559,0.359322034,-0.336271186,0.013220339,-0.004915254,-0.297389831,-0.304440678,0.022118644,0.167050847,-0.077864407,30,1.64,40,0.77,1.1,-0.000463192,50.22372881,0.101694915,0.372881356,2.06728814,1.10169492,-0.14932203,0.62298305,2.6139322,19.53016949,0.58257627,0.99457627,19.30440508,1.89830508,-0.06797994,0.41706951,-4.77084746,0.50915254,-0.1,-4.155932203,7,7,11.864,25.424,0.22,0.44075024,2.140677966
PAPs_84,PAPs,4.51500565,-0.039130435,1.277246377,0.407101449,-0.08942029,1.272173913,-2.246175243,7742.67774,17,8,33.333,60.87,24.638,46.377,11.594,0.129565217,-0.508550725,0.187246377,0.00884058,-0.349768116,-0.194971014,0.204550725,0.20642029,-0.005,30,23.43,20,0.88,1.13,-0.000340324,53.71304348,0.115942029,0.347826087,2.08347826,1.15942029,-0.06,0.64557971,2.64630435,19.2826087,0.58934783,0.99768116,19.88827536,1.94202899,0.0235704,0.38733102,-4.97043478,0.06797101,-0.150724638,-4.305942029,8,6,11.594,20.29,0.17,0.681390086,1.911594203
PAPs_85,PAPs,9.285583789,0.000217391,1.28326087,0.488478261,-0.283369565,1.322608696,2.034499878,9691.13994,30,8,38.043,59.783,32.609,43.478,8.696,-0.225108696,-0.481413043,0.363586957,0.103478261,-0.195521739,-0.260663043,0.520195652,0.197217391,-0.033717391,19,77.72,30,0.5,1.04,0.000193581,25.31413043,0.065217391,0.402173913,2.0651087,1.07608696,0.05782609,0.62840217,2.78852174,19.82673913,0.60732609,0.98630435,18.35968261,1.60869565,0.58214001,0.32620708,-9.57565217,-1.14695652,-0.086956522,-3.127826087,7,11,7.609,20.652,0.17,0.511077061,1.411956522
PAPs_86,PAPs,10.86146832,0.017042254,1.361971831,0.385070423,-0.002816901,1.288169014,12.92860709,8395.82124,12,2,32.394,46.479,16.901,56.338,2.817,-0.448873239,0.04,0.004225352,0.22084507,-0.260366197,-0.015535211,0.104521127,0.063380282,0.377535211,30,110.31,40,1.33,1.09,0.001482536,24.24929577,0.126760563,0.267605634,2.08042254,1.29577465,-0.13183099,0.66978873,2.49332394,19.01971831,0.59501408,0.98788732,20.27016338,2.16901408,-0.1574945,0.43995456,-3.7028169,-0.3315493,-0.298591549,-5.298169014,11,17,15.493,26.761,0.15,0.605427017,1.374647887
PAPs_87,PAPs,6.5037575,0.08164557,1.247974684,0.566455696,-0.050126582,1.296329114,-3.327495377,9078.39104,23,11,20.253,39.241,29.114,50.633,13.924,-0.299367089,-0.187088608,0.223544304,-0.035696203,-0.178227848,-0.065721519,0.256417722,-0.02621519,-0.079341772,30,880.37,20,0.66,0.95,-0.000421884,29.92911392,0.063291139,0.405063291,2.37025316,1.26582278,0.10202532,0.64848101,2.93593671,20.02126582,0.52479747,1.09886076,19.50648608,1.89873418,-0.06609486,0.38709831,0.83126582,-0.41126582,-0.102531646,-4.397974684,13,15,16.456,32.911,0.16,0.516227253,1.541772152
PAPs_88,PAPs,7.344356146,0.002941176,1.235147059,0.4625,-0.122205882,1.295294118,0.000475473,7401.62734,19,9,32.353,52.941,27.941,47.059,13.235,-0.233235294,-0.432058824,0.104411765,0.080588235,-0.274529412,-0.234602941,0.41,-0.014044118,-0.0525,30,78.97,30,0.75,0.97,-0.0000531,35.56323529,0.044117647,0.382352941,2.25117647,1.16176471,0.06514706,0.62845588,2.86210294,19.95867647,0.57592647,1.04294118,18.73191765,1.80882353,0.10998923,0.36553782,-4.39735294,-0.74279412,-0.142647059,-3.632058824,5,11,7.353,29.412,0.1,0.736379188,1.516176471
PAPs_90,PAPs,9.701367721,-0.027323944,1.223239437,0.505211268,-0.11,1.215352113,5.754180754,8083.27424,19,7,30.986,52.113,26.761,50.704,9.859,-0.389859155,-0.373521127,0.113943662,0.12056338,-0.354929577,-0.139577465,0.276816901,-0.060732394,0.222140845,30,651.45,30,0.99,1.01,0.000663969,36.17746479,0.084507042,0.352112676,2.17323944,1.18309859,-0.10042254,0.63456338,2.61846479,19.07309859,0.61733803,1.01549296,19.17478028,1.92957746,-0.14060639,0.40141673,-3.38422535,-0.26549296,-0.233802817,-5.120140845,6,13,8.451,28.169,0.14,0.652762124,1.573239437
PAPs_92,PAPs,10.47255697,-0.012179487,1.406410256,0.280128205,0.016538462,1.348846154,13.02727933,9476.10994,12,8,21.795,35.897,15.385,57.692,10.256,-0.548461538,0.109615385,-0.029358974,0.198717949,-0.432615385,0.019435897,0.055115385,0.031205128,0.319948718,30,308.02,20,1.58,1.05,0.001317639,45.72948718,0.102564103,0.243589744,2.18461538,1.41025641,-0.26217949,0.6515,2.45220513,18.79602564,0.62489744,1.03769231,19.90923205,2.26923077,-0.04022176,0.45439117,0.37051282,0.28525641,-0.438461538,-6.24974359,11,24,14.103,41.026,0.14,0.620481298,1.119230769
PAPs_93,PAPs,10.57753222,-0.023243243,1.427567568,0.251621622,0.007567568,1.413243243,10.74839202,8364.90124,17,5,28.378,51.351,22.973,50,6.757,-0.286891892,-0.107297297,0.305,0.168513514,-0.296418919,-0.133418919,0.222945946,0.285121622,0.152324324,30,0,20,1.04,1.12,0.001239115,34.70675676,0.067567568,0.324324324,1.99810811,1.2027027,-0.08202703,0.66016216,2.43613514,19.36378378,0.62045946,1.00810811,19.56521486,1.94594595,-0.31987686,0.39951767,-5.65081081,-0.10662162,-0.328378378,-4.596081081,5,16,6.757,28.378,0.12,0.610825378,1.118918919
PAPs_95,PAPs,9.259647592,0.073731343,1.424029851,0.480447761,-0.19358209,1.40641791,4.842797705,7763.92734,15,5,29.851,53.731,22.388,46.269,7.463,-0.045970149,-0.164925373,0.121791045,0.109402985,-0.272447761,-0.080313433,0.113104478,0.183552239,0.159149254,30,595.53,20,1.05,1.13,0.000567372,30.7180597,0.134328358,0.343283582,2.00462687,1.2238806,-0.1019403,0.66107463,2.50197015,19.30686567,0.58391045,0.9841791,20.13503433,2.05970149,-0.08995241,0.41927209,-4.43522388,0.02358209,-0.204477612,-4.765671642,10,11,14.925,23.881,0.22,0.73273881,1.828358209
PAPs_96,PAPs,10.33012161,-0.048289474,1.328552632,0.294210526,-0.0375,1.341315789,8.934052165,8956.43894,14,7,26.316,44.737,18.421,59.211,9.211,-0.471710526,-0.157236842,0.124210526,0.131842105,-0.304631579,-0.052631579,0.099657895,0.146368421,0.265513158,30,0,20,1.09,1.08,0.000943463,19.425,0.078947368,0.289473684,2.13368421,1.31578947,-0.14592105,0.67447368,2.49469737,19.38631579,0.60903947,1.02802632,20.46173947,2.10526316,-0.07468954,0.4268504,-1.585,-0.02078947,-0.348684211,-5.584078947,8,18,10.526,32.895,0.16,0.718633833,0.955263158
PAPs_98,PAPs,10.67890754,0.110410959,1.473287671,0.530547945,-0.29739726,1.461506849,10.75367152,8307.01284,21,6,21.918,43.836,28.767,46.575,8.219,-0.491780822,-0.163561644,0.212054795,0.149178082,-0.281657534,-0.075821918,0.272835616,0.040643836,0.209506849,30,396.7,40,0.94,1.02,0.00124811,33.77945205,0.054794521,0.410958904,2.11356164,1.20547945,-0.04739726,0.66313699,2.60208219,19.52835616,0.61413699,1.04136986,19.20767945,1.8630137,0.14506079,0.40930657,-2.63205479,-0.57835616,-0.269863014,-4.472328767,4,17,5.479,31.507,0.18,0.718359318,1.446575342
PAPs_99,PAPs,9.01387876,0.030833333,1.407361111,0.445138889,-0.063472222,1.383888889,3.943475292,8385.77464,19,10,22.222,41.667,26.389,52.778,13.889,-0.399583333,-0.281805556,0.169166667,0.063888889,-0.336625,-0.069152778,0.242805556,0.131111111,0.139986111,30,2.81,20,1.01,1.04,0.00041201,25.58055556,0.069444444,0.361111111,2.15486111,1.30555556,-0.09347222,0.66966667,2.60277778,19.50069444,0.60527778,1.06277778,19.82439583,1.97222222,0.51106859,0.4227604,-0.49652778,-0.15069444,-0.266666667,-5.089305556,7,16,9.722,36.111,0.11,0.856864842,1.554166667
PAPs_101,PAPs,10.23477215,0.193285714,1.451,0.667857143,-0.138714286,1.439571429,7.930652126,8029.54304,21,4,25.714,47.143,30,45.714,5.714,-0.342857143,-0.122428571,0.145857143,0.115571429,-0.141771429,-0.019257143,0.248342857,-0.062214286,0.185257143,16,298.7,30,0.92,1.01,0.000927831,8.205714286,0.1,0.428571429,2.13357143,1.2,0.04728571,0.67991429,2.69324286,19.71328571,0.54524286,1.03428571,19.86905286,1.94285714,-0.19894988,0.4198213,-2.17771429,-0.687,-0.155714286,-4.100142857,9,14,12.857,25.714,0.13,0.790733315,1.814285714
PAPs_102,PAPs,10.7849887,0.005974026,1.381818182,0.412987013,-0.241818182,1.395714286,9.757765966,8621.30614,22,6,27.273,48.052,28.571,51.948,7.792,-0.444935065,-0.277402597,0.332077922,0.174285714,-0.30774026,-0.168324675,0.309142857,0.293077922,0.222376623,30,24.6,40,0.8,1.1,0.001087081,64.74025974,0.012987013,0.376623377,2.02103896,1.18181818,-0.00701299,0.66736364,2.50554545,19.55220779,0.63632468,1.03415584,19.63705455,1.85714286,0.20952084,0.38916762,-5.20545455,-0.53090909,-0.263636364,-4.59,1,16,1.299,28.571,0.18,0.750292209,1.253246753
PAPs_105,PAPs,3.920690917,-0.140166667,1.227166667,0.320166667,-0.502,1.188666667,-6.361254066,6658.32834,9,10,35,65,15,46.667,16.667,0.348,-0.623,0.019166667,-0.066833333,-0.355016667,-0.361216667,0.00985,0.263783333,-0.133366667,30,0,30,0.59,1.12,-0.001041108,66.19516667,0.1,0.316666667,2.085,1.11666667,-0.219,0.61955,2.6473,19.74583333,0.6173,0.97166667,19.48608,1.81666667,0.64736113,0.39544635,-5.36616667,0.4755,-0.111666667,-4.418333333,6,4,10,23.333,0.21,0.543381377,1.82
PAPs_106,PAPs,5.114672428,-0.149772727,1.110568182,0.306931818,-0.321477273,1.143977273,-2.869071658,9956.20314,19,14,23.864,46.591,21.591,54.545,15.909,-0.380795455,-0.556477273,0.203409091,-0.016818182,-0.393443182,-0.168886364,0.28225,-0.002909091,-0.065977273,30,43.38,30,0.77,0.96,-0.000309658,29.36590909,0.056818182,0.306818182,2.34738636,1.22727273,-0.09238636,0.61803409,2.84476136,19.70886364,0.62782955,1.04670455,18.80658182,1.79545455,0.26333403,0.3652876,-1.28420455,-0.23920455,-0.244318182,-4.945227273,7,13,7.955,30.682,0.09,0.581570374,1.164772727
PAPs_147,PAPs,7.61842112,0.025609756,1.185731707,0.597317073,-0.537439024,1.229634146,0.213037731,8699.97474,25,7,36.585,57.317,30.488,48.78,8.537,-0.286829268,-0.50195122,0.26,0.093536585,-0.110585366,-0.252109756,0.402695122,-0.069268293,-0.031280488,30,772.2,40,0.4,0.98,-0.00000448,36.12439024,0.036585366,0.390243902,2.2445122,1.07317073,0.04170732,0.61819512,2.98903659,20.26036585,0.60671951,0.98890244,18.70445976,1.64634146,0.16920141,0.32820735,-6.59768293,-1.17439024,-0.040243902,-3.369756098,6,10,7.317,20.732,0.18,0.3970202,1.164634146
PAPs_149,PAPs,6.217417572,-0.057594937,1.095822785,0.476329114,-0.424683544,1.089873418,-1.972340885,9028.19624,16,9,30.38,49.367,20.253,51.899,11.392,-0.067594937,-0.318734177,0.079113924,0.020506329,-0.195177215,-0.189987342,0.065417722,-0.068291139,-0.005911392,30,0.71,40,0.74,1.01,-0.000277465,48.46455696,0.063291139,0.341772152,2.30683544,1.13924051,0.03253165,0.60712658,2.79531646,19.82886076,0.58227848,1.04531646,19.49227342,1.94936709,-0.6699922,0.39216398,-1.3743038,0.08151899,-0.130379747,-5.038227848,8,10,10.127,24.051,0.11,0.738741814,1.420253165
PAPs_152,PAPs,3.600092361,-0.111617647,1.089852941,0.514264706,-0.185882353,1.073970588,-11.98436131,7438.12194,24,16,30.882,57.353,35.294,50,23.529,-0.313529412,-0.992352941,0.202941176,-0.151029412,-0.46325,-0.222132353,0.511808824,-0.065102941,-0.163720588,30,16.74,30,0.6,0.93,-0.001614267,19.13382353,0.073529412,0.411764706,2.41294118,1.19117647,-0.04088235,0.63705882,3.06355882,19.31661765,0.58576471,1.07602941,18.91450294,1.63235294,1.91651674,0.33625054,-1.17485294,-0.79926471,-0.101470588,-4.063823529,5,4,7.353,29.412,0.12,0.663321842,1.488235294
PAPs_160,PAPs,6.504781661,0.07626506,1.333614458,0.585783133,-0.352650602,1.342650602,-0.936016904,9541.03654,22,10,21.687,45.783,26.506,43.373,12.048,-0.356987952,-0.363614458,0.118915663,-0.012048193,-0.255072289,-0.054506024,0.302843373,0.099506024,0.022349398,25,508.4,30,0.82,1.01,-0.000129966,26.39650602,0.084337349,0.361445783,2.20048193,1.21686747,0.09156627,0.66077108,2.81006024,20.10746988,0.59789157,1.01373494,19.12447349,1.79518072,-0.19893441,0.39500678,-2.58072289,-0.77795181,-0.122891566,-4.293253012,9,11,10.843,25.301,0.16,0.642859166,2.179518072
PAPs_161,PAPs,6.511047904,-0.001764706,1.323294118,0.415647059,-0.072117647,1.253411765,-0.935934743,10011.21594,20,13,22.353,49.412,23.529,49.412,15.294,-0.248117647,-0.318,0.129411765,-0.005058824,-0.391117647,-0.021682353,0.209376471,-0.002670588,-0.008247059,30,37.81,30,1.2,1.01,-0.000124362,27.51176471,0.129411765,0.294117647,2.22223529,1.30588235,-0.15623529,0.65008235,2.67989412,19.38117647,0.59507059,1.01341176,19.57058824,1.98823529,0.09336158,0.40962642,-0.27223529,0.14447059,-0.251764706,-5.316,13,14,15.294,31.765,0.19,0.593784451,1.72
PAPs_169,PAPs,4.53520728,0.007878788,1.273787879,0.501666667,-0.342272727,1.3,-2.965191843,6922.96534,19,8,36.364,59.091,28.788,39.394,12.121,-0.256969697,-0.607272727,0.127424242,0.027121212,-0.208136364,-0.263666667,0.58180303,0.079651515,-0.182409091,24,90.99,70,0.58,0.96,-0.000451256,20.77121212,0.075757576,0.363636364,2.18666667,1.09090909,0.08666667,0.62919697,3.01909091,20.34378788,0.59909091,0.97090909,17.70697121,1.51515152,0.63408672,0.33044767,-8.90848485,-1.58515152,-0.031818182,-2.399393939,6,6,9.091,21.212,0.2,0.422997493,1.910606061
PAPs_175,PAPs,4.277720953,-0.064074074,1.234567901,0.402098765,-0.071851852,1.22654321,-11.52508387,9506.39394,22,19,16.049,43.21,27.16,59.259,23.457,-0.27691358,-0.672962963,0.289259259,-0.157777778,-0.444765432,-0.047691358,0.277382716,0.056679012,-0.13837037,30,0,20,0.76,0.98,-0.001240968,15.11728395,0.086419753,0.333333333,2.38135802,1.40740741,-0.15345679,0.66414815,2.8962716,19.87419753,0.59516049,1.0817284,20.22765679,1.90123457,1.2732926,0.38735475,3.83555556,0.13790123,-0.201234568,-5.419012346,12,12,14.815,38.272,0.1,0.478754963,1.497530864
PAPs_176,PAPs,6.804620264,-0.003529412,1.245411765,0.478705882,-0.038941176,1.299058824,-1.438299906,10046.43934,24,16,21.176,35.294,28.235,55.294,18.824,-0.640470588,-0.254823529,0.145411765,-0.001176471,-0.286623529,-0.012823529,0.301352941,0.017564706,0.068635294,30,482.59,20,0.9,0.94,-0.000175188,15.39647059,0.070588235,0.364705882,2.33435294,1.36470588,-0.01764706,0.65317647,2.74324706,19.61223529,0.56807059,1.10564706,19.48799294,1.96470588,0.65497677,0.39991701,1.60658824,-0.35235294,-0.254117647,-5.612588235,12,20,14.118,42.353,0.11,0.861733857,1.068235294
PAPs_178,PAPs,4.065544763,-0.129178082,1.27109589,0.267945205,-0.007808219,1.215753425,-12.85486405,8683.58344,18,22,15.068,39.726,24.658,58.904,30.137,-0.34630137,-0.791232877,0.119041096,-0.190821918,-0.578863014,-0.049780822,0.312424658,0.089027397,-0.196424658,30,13.49,30,1.1,0.96,-0.001506075,57.40273973,0.082191781,0.301369863,2.41780822,1.46575342,-0.18246575,0.66916438,2.86390411,19.67438356,0.60609589,1.11972603,20.05836438,1.94520548,1.90819257,0.40631432,5.60958904,0.22780822,-0.301369863,-5.608082192,8,11,10.959,45.205,0.12,0.533162496,1.508219178
PAPs_179,PAPs,9.908683891,0.032666667,1.339111111,0.499555556,-0.299888889,1.378333333,3.032724755,9529.03784,29,7,35.556,58.889,32.222,42.222,7.778,-0.225888889,-0.439222222,0.381555556,0.102333333,-0.180311111,-0.2317,0.514511111,0.242888889,-0.026944444,30,77.27,30,0.5,1.06,0.000301712,24.45777778,0.066666667,0.4,2.03166667,1.08888889,0.07888889,0.63828889,2.77138889,20.02922222,0.6125,0.97466667,18.43766,1.6,0.40958041,0.33156465,-9.66111111,-1.19466667,-0.083333333,-3.047555556,7,11,7.778,20,0.16,0.511077061,1.572222222
PAPs_180,PAPs,8.502098073,0.017954545,1.316931818,0.497272727,-0.104090909,1.289090909,1.032757011,9941.32134,26,10,29.545,53.409,29.545,46.591,11.364,-0.288068182,-0.359886364,0.298863636,0.028409091,-0.242931818,-0.091363636,0.391397727,0.187431818,0.056590909,19,1104.16,30,0.74,1.06,0.000088,56.28181818,0.102272727,0.375,2.09625,1.21590909,0.08318182,0.65555682,2.67686364,19.88011364,0.59754545,1.00420455,19.25696136,1.77272727,0.29387271,0.375342,-4.78045455,-0.67738636,-0.140909091,-4.418863636,10,12,11.364,25,0.13,0.58744495,1.773863636
PAPs_182,PAPs,7.753507446,-0.042,1.158777778,0.447222222,-0.124222222,1.223777778,0.932982374,9944.24744,19,9,38.889,52.222,21.111,48.889,10,0.070777778,-0.349555556,0.031777778,0.096333333,-0.1281,-0.256833333,0.218866667,-0.089077778,-0.036844444,30,3.75,20,0.77,0.99,0.00000714,32.21455556,0.1,0.355555556,2.20655556,1.12222222,-0.00677778,0.59138889,2.75957778,19.83877778,0.5708,1.02755556,18.82002222,1.95555556,-0.67631846,0.3907046,-4.61311111,-0.01977778,-0.118888889,-4.198555556,13,14,14.444,25.556,0.1,0.579995763,1.594444444
PAPs_205,PAPs,10.40842191,-0.009666667,1.322,0.425666667,-0.286166667,1.299,10.7177308,7155.35174,8,3,28.333,40,13.333,51.667,5,-0.3415,0.010333333,-0.087666667,0.193,-0.201,-0.069833333,-0.025216667,-0.056483333,0.32225,30,1.01,40,1.25,1.03,0.001411539,55.11516667,0.116666667,0.283333333,2.1015,1.21666667,-0.18516667,0.62246667,2.42606667,19.257,0.6319,1.00166667,19.26818,2.13333333,-1.14872907,0.46306921,-2.31983333,0.3065,-0.316666667,-5.875833333,8,15,13.333,30,0.14,0.73999149,1.586666667
PAPs_206,PAPs,7.77490599,-0.044576271,1.141186441,0.503050847,-0.327457627,1.173559322,0.810167552,6605.32484,9,5,38.983,57.627,15.254,44.068,8.475,0.259322034,-0.297288136,-0.122033898,0.078305085,-0.208305085,-0.28059322,0.029322034,-0.167627119,0.022169492,21,5.02,50,0.81,1.01,0.0000216,32.92728814,0.152542373,0.338983051,2.18457627,1.08474576,-0.16745763,0.56955932,2.70750847,19.35762712,0.58259322,0.97423729,18.53821356,1.98305085,-0.806443,0.40929832,-5.25864407,0.38508475,-0.096610169,-4.563220339,11,8,18.644,22.034,0.17,0.417365562,1.984745763
PAPs_207,PAPs,7.772943606,-0.045254237,1.138135593,0.498305085,-0.31,1.176440678,0.809317138,6648.34984,9,5,37.288,57.627,15.254,44.068,8.475,0.246779661,-0.301694915,-0.120508475,0.075423729,-0.232576271,-0.262491525,0.005050847,-0.191711864,0.018220339,21,2.95,50,0.9,1.01,0.0000212,24.95084746,0.152542373,0.322033898,2.1959322,1.08474576,-0.20559322,0.5710339,2.697,19.2359322,0.58683051,0.96966102,18.60889153,2.01694915,-1.09667555,0.41239883,-4.79271186,0.53288136,-0.118644068,-4.73220339,11,8,18.644,22.034,0.17,0.391611869,1.984745763
PAPs_208,PAPs,9.73878315,0.086779661,1.383050847,0.515932203,-0.085254237,1.351694915,7.80716974,6638.75034,13,2,37.288,50.847,22.034,38.983,3.39,0.071355932,0.11220339,0.023559322,0.182542373,-0.09159322,-0.193745763,0.105254237,0.023983051,0.104152542,18,129.35,40,1.05,1.05,0.001075661,56.44254237,0.13559322,0.389830508,2.01440678,1.06779661,-0.04118644,0.60742373,2.50552542,19.05288136,0.54586441,1.01372881,18.5816322,2,-0.8535847,0.42625146,-6.81271186,0.07237288,-0.154237288,-4.092372881,10,12,16.949,23.729,0.17,0.516501567,1.844067797
PAPs_209,PAPs,8.117021346,-0.068793103,1.216896552,0.307586207,-0.013965517,1.240689655,1.810290938,6341.12504,11,6,36.207,63.793,18.966,44.828,10.345,0.387413793,-0.201551724,0.11637931,0.115172414,-0.321827586,-0.352258621,0.08537931,-0.004103448,-0.106327586,30,0.6,30,0.84,1.05,0.000180253,55.70362069,0.103448276,0.344827586,2.105,1.0862069,-0.20568966,0.5792069,2.5587069,19.25086207,0.56818966,0.99724138,18.70406207,1.98275862,-0.7371123,0.3914762,-5.95758621,0.87931034,-0.184482759,-4.359310345,8,10,13.793,27.586,0.14,0.397485907,1.518965517
PAPs_210,PAPs,8.837582423,-0.062758621,1.040689655,0.566724138,-0.463448276,1.115,4.714991451,6554.28344,8,2,43.103,58.621,13.793,48.276,3.448,0.087068966,-0.320862069,-0.145172414,0.181551724,-0.115741379,-0.252017241,0.037241379,-0.250517241,0.197862069,17,3.87,20,0.82,1.02,0.000625243,40.93965517,0.137931034,0.293103448,2.13034483,1.05172414,-0.11706897,0.56336207,2.60787931,19.6987931,0.62425862,0.92758621,18.69436724,2.03448276,-1.90487858,0.41328636,-6.54758621,0.2637931,-0.10862069,-5.240172414,9,8,15.517,17.241,0.25,0.435332592,1.967241379
PAPs_212,PAPs,8.85580171,0.050535714,1.291964286,0.619464286,-0.514285714,1.320178571,4.719360735,6157.10944,11,4,39.286,55.357,19.643,37.5,7.143,-0.019107143,-0.17625,-0.155535714,0.170178571,-0.119125,-0.287553571,0.145375,-0.120964286,0.108625,30,1.41,50,0.82,0.99,0.000666226,44.18410714,0.107142857,0.357142857,2.08892857,1.03571429,-0.1175,0.57378571,2.66348214,19.72982143,0.62866071,0.94303571,17.66644464,1.83928571,-1.03992343,0.40713278,-8.02892857,-0.26071429,-0.096428571,-4.146785714,7,10,12.5,25,0.17,0.606061665,2.007142857
PAPs_213,PAPs,7.038578867,0.072142857,1.339285714,0.604285714,-0.528928571,1.37375,-0.278559174,6112.95714,11,5,41.071,58.929,19.643,35.714,8.929,0.310535714,-0.341071429,-0.105892857,0.067678571,-0.040946429,-0.292571429,0.141839286,0.008696429,-0.070089286,30,0.69,50,0.65,1.04,-0.000146738,41.50196429,0.142857143,0.392857143,2.04089286,1.03571429,-0.03464286,0.59389286,2.72367857,20.14482143,0.57957143,0.95785714,18.36909107,1.82142857,-0.44312671,0.40224547,-7.89892857,-0.23339286,-0.0125,-3.385535714,9,6,16.071,19.643,0.14,0.603442841,2.2625
PAPs_214,PAPs,8.610907401,-0.006909091,1.272909091,0.482,-0.515636364,1.297090909,3.719072324,6115.96674,7,4,40,54.545,12.727,41.818,7.273,0.185454545,-0.218727273,-0.169090909,0.143818182,-0.115818182,-0.277381818,0.063763636,-0.106254545,0.044454545,30,1.41,50,0.84,1.02,0.000507036,27.31472727,0.145454545,0.327272727,2.09436364,1.09090909,-0.15090909,0.56856364,2.65798182,19.90309091,0.61889091,0.948,18.12419273,1.92727273,-0.77275857,0.41480452,-6.88745455,0.07054545,-0.121818182,-4.248545455,9,9,16.364,23.636,0.15,0.634951067,1.943636364
PAPs_216,PAPs,9.230606962,0.013684211,1.305526316,0.414473684,-0.488947368,1.292631579,5.716009787,4096.92714,5,1,39.474,63.158,13.158,42.105,2.632,0.285263158,0.132368421,-0.098684211,0.253684211,-0.204447368,-0.454368421,-0.1315,0.088210526,0.148473684,30,0,70,0.68,1.12,0.001246055,59.69210526,0.026315789,0.368421053,2.01947368,0.97368421,-0.12578947,0.58731579,2.49710526,19.52973684,0.59421053,0.96631579,18.76728421,1.94736842,-1.07175053,0.41511255,-8.96973684,0.32026316,-0.136842105,-3.912105263,2,8,5.263,23.684,0.24,0.715470608,1.444736842
PAPs_217,PAPs,9.220543238,0.022105263,1.340263158,0.406578947,-0.370526316,1.341315789,5.715718064,4020.85424,6,1,39.474,63.158,15.789,39.474,2.632,0.239473684,0.064210526,-0.065789474,0.247631579,-0.192710526,-0.464421053,-0.022947368,0.068789474,0.082026316,30,0,70,0.72,1.09,0.001269632,40.65526316,0.026315789,0.368421053,2.02315789,0.94736842,-0.14026316,0.58805263,2.56097368,19.51921053,0.59860526,0.96210526,18.25052895,1.86842105,-1.19071696,0.40609106,-9.93631579,0.12,-0.134210526,-3.343421053,2,8,5.263,23.684,0.14,0.645941362,1.534210526
PAPs_218,PAPs,9.230606962,0.036842105,1.376578947,0.398157895,-0.496052632,1.36,5.716009787,4106.96564,5,1,36.842,63.158,13.158,39.474,2.632,0.303421053,0.187368421,-0.063684211,0.236842105,-0.202131579,-0.440815789,-0.150184211,0.188526316,0.121105263,30,0,70,0.68,1.14,0.001243009,54.19736842,0.026315789,0.368421053,1.96894737,0.97368421,-0.12736842,0.59878947,2.45447368,19.59526316,0.59421053,0.95842105,18.78493947,1.92105263,-1.12076311,0.41794646,-9.44368421,0.34631579,-0.142105263,-3.778947368,2,8,5.263,23.684,0.25,0.715470608,1.518421053
PAPs_224,PAPs,4.702783008,-0.133103448,1.179655172,0.312758621,0.002413793,1.175517241,-2.278507136,3198.59594,5,6,37.931,68.966,17.241,55.172,20.69,0.695172414,-0.435517241,-0.086896552,0.023793103,-0.414448276,-0.542896552,-0.259758621,0.042551724,-0.03262069,30,0,60,0.64,1.14,-0.000904146,36.73448276,0,0.379310345,2.19655172,1.10344828,-0.32241379,0.59558621,2.51855172,19.33034483,0.58751724,1.05551724,20.66403793,2.17241379,-0.45407404,0.43773563,-0.84344828,1.92655172,-0.172413793,-5.325517241,1,5,3.448,37.931,0.36,0.35011604,1.210344828
PAPs_233,PAPs,7.344356146,-0.011940299,1.228656716,0.448208955,-0.066567164,1.293731343,0.000475473,7270.43474,19,9,32.836,53.731,28.358,47.761,13.433,-0.243731343,-0.467462687,0.120597015,0.082985075,-0.291850746,-0.242238806,0.429746269,-0.014358209,-0.049328358,30,78.97,30,0.76,0.97,-0.0000541,29.38656716,0.044776119,0.373134328,2.24746269,1.1641791,0.03179104,0.62734328,2.85795522,19.88507463,0.58452239,1.03656716,18.68433433,1.80597015,0.085382,0.36339932,-4.65104478,-0.70656716,-0.150746269,-3.664179104,5,11,7.463,29.851,0.1,0.736379188,1.501492537
PAPs_248,PAPs,7.734861631,0.0425,1.206071429,0.656071429,-0.573928571,1.21,0.626727316,2904.43874,5,2,46.429,67.857,17.857,28.571,7.143,0.686428571,-0.200714286,-0.256785714,0.1225,-0.002642857,-0.592214286,-0.012428571,-0.091035714,-0.084928571,30,0,80,0.35,1.03,0.0000227,32.15357143,0.035714286,0.464285714,2.05571429,0.78571429,0.12678571,0.53789286,2.67639286,20.46,0.58032143,0.97714286,17.32852143,1.71428571,-2.03045177,0.41679823,-9.80464286,0.25357143,0.089285714,-2.940714286,1,3,3.571,17.857,0.36,0.552845655,2.642857143
PAPs_262,PAPs,7.734861631,0.066428571,1.241071429,0.697142857,-0.705,1.229642857,0.626727316,2904.43874,5,2,46.429,67.857,17.857,28.571,7.143,0.678571429,-0.205,-0.2775,0.124642857,0.008928571,-0.588428571,-0.054214286,-0.117178571,-0.064642857,30,0,80,0.35,1.03,0.0000227,39.03214286,0.035714286,0.464285714,2.06392857,0.78571429,0.07214286,0.53789286,2.70871429,20.43,0.59371429,0.96535714,17.42376071,1.71428571,-1.87104517,0.41703335,-9.63178571,0.21964286,0.096428571,-2.945357143,1,3,3.571,17.857,0.36,0.555668429,2.560714286
PAPs_263,PAPs,5.63673283,0.166206897,1.394827586,0.792758621,-0.103448276,1.435862069,-1.278183673,3256.85174,8,5,34.483,51.724,27.586,37.931,17.241,0.286206897,-0.343103448,-0.326206897,0.023793103,-0.113068966,-0.335137931,0.021862069,-0.072793103,0.057862069,30,0,70,0.78,1.02,-0.000581236,58.86206897,0.034482759,0.482758621,2.16241379,1.06896552,0.04862069,0.62913793,2.683,20.04275862,0.55162069,1.07310345,19.50763448,2.03448276,-1.12356919,0.47291567,-1.31896552,0.36586207,-0.013793103,-4.078965517,2,5,6.897,34.483,0.24,0.559264845,2.675862069
PAPs_264,PAPs,6.458670358,-0.034615385,1.238205128,0.41025641,-0.187692308,1.080512821,-1.190375032,4300.77484,6,4,43.59,66.667,15.385,43.59,10.256,0.715384615,-0.061538462,-0.081025641,0.064102564,-0.158666667,-0.424153846,-0.198461538,-0.02074359,-0.14774359,23,22.91,30,0.91,1.1,-0.000430622,28.92564103,0.102564103,0.333333333,2.12538462,1,-0.22025641,0.57197436,2.62571795,19.15897436,0.54802564,0.99358974,19.31116667,2.05128205,-0.80463459,0.42389384,-5.30102564,1.23179487,-0.053846154,-4.296153846,6,5,15.385,23.077,0.25,0.469593194,1.68974359
PAPs_265,PAPs,5.63673283,0.16137931,1.377586207,0.773103448,-0.262068966,1.397241379,-1.278183673,3274.88494,7,5,34.483,51.724,24.138,37.931,17.241,0.353793103,-0.25137931,-0.388965517,0.029310345,-0.123896552,-0.349827586,-0.075275862,-0.091034483,0.053586207,30,0,70,0.78,1.02,-0.000578035,58.86206897,0.034482759,0.482758621,2.18862069,1.06896552,0.04862069,0.61941379,2.68327586,20.02827586,0.54155172,1.07896552,19.58437931,2.06896552,-0.94064865,0.47523452,-0.81827586,0.47034483,-0.017241379,-4.20862069,2,5,6.897,34.483,0.25,0.594392116,2.534482759
PAPs_280,PAPs,11.45006931,-0.040571429,1.231857143,0.426285714,0.009857143,1.153,7.094419257,7876.95484,21,7,32.857,50,30,42.857,10,-0.42,-0.021714286,0.295285714,0.146714286,-0.2969,-0.133457143,0.438171429,0.020357143,0.071,18,139.39,40,1.01,0.96,0.000892233,24.73,0.114285714,0.371428571,2.11857143,1.15714286,0.00042857,0.59127143,2.54028571,18.87128571,0.58985714,1.03142857,17.48705286,1.77142857,0.19296684,0.36731719,-6.25128571,-0.37257143,-0.238571429,-4.978142857,9,15,12.857,31.429,0.13,0.771696778,1.308571429
PAPs_291,PAPs,10.52795155,-0.106388889,1.254583333,0.253611111,-0.223888889,1.189444444,6.033077527,8327.48894,11,8,30.556,44.444,15.278,48.611,11.111,-0.286666667,-0.060833333,0.099861111,0.135277778,-0.304013889,-0.11275,0.278097222,0.123222222,0.063902778,30,2.31,20,1.11,1.02,0.00070514,87.86263889,0.125,0.263888889,2.12430556,1.27777778,-0.02361111,0.58868056,2.55266667,19.74888889,0.64405556,0.99416667,18.03465139,1.90277778,-0.03941257,0.39317671,-4.93375,-0.16777778,-0.279166667,-5.364027778,10,15,13.889,31.944,0.13,0.582278801,1.513888889
PAPs_307,PAPs,4.176476685,-0.033625,1.300125,0.33325,-0.317125,1.305,-3.999587217,9026.07204,18,10,22.5,52.5,22.5,46.25,12.5,-0.015375,-0.61025,0.3535,-0.068625,-0.2443,-0.0633125,0.34505,0.0504125,-0.2584625,19,335.47,30,0.8,1.01,-0.00044538,10.58125,0.1375,0.3125,2.195625,1.2125,-0.007625,0.637,2.85055,20.46,0.608925,0.991375,19.053205,1.75,-0.26412363,0.363417,-2.557375,-0.2235,-0.1775,-3.95575,11,6,13.75,20,0.09,0.612825577,1.85625
